employee_id,date,hours,pto_type
1,2025-04-11,8,Vacation
1,2025-04-25,8,Vacation
1,2025-08-20,8,Personal
1,2025-09-03,8,Vacation
2,2022-12-13,8,Training
3,2024-08-13,8,Sick
3,2024-08-27,8,Sick
4,2025-01-15,8,Vacation
4,2025-01-29,8,Vacation
4,2025-09-28,8,Jury Duty
4,2025-10-12,8,Vacation
5,2021-01-08,8,Vacation
6,2025-03-23,8,Jury Duty
6,2025-04-06,8,Jury Duty
6,2025-09-24,8,Jury Duty
6,2025-09-25,8,Jury Duty
6,2025-10-08,8,Jury Duty
7,2025-01-04,8,Jury Duty
7,2025-01-18,8,Jury Duty
7,2025-10-10,8,Vacation
7,2025-10-24,8,Jury Duty
8,2025-10-07,8,Vacation
9,2025-04-27,8,Personal
9,2025-05-11,8,Parental
9,2025-08-18,8,Parental
9,2025-09-01,8,Parental
10,2025-07-10,8,Jury Duty
10,2025-07-24,8,Jury Duty
11,2024-12-15,8,Sick
11,2024-12-16,8,Sick
11,2024-12-29,8,Personal
11,2025-08-31,8,Personal
11,2025-09-14,8,Personal
12,2023-09-28,8,Personal
13,2025-02-04,8,Sick
14,2022-12-16,8,Vacation
15,2024-12-27,8,Sick
15,2025-01-10,8,Sick
16,2024-09-19,8,Sick
16,2024-10-03,8,Sick
17,2024-06-07,8,Personal
17,2024-06-08,8,Personal
17,2024-06-21,8,Personal
18,2022-03-17,8,Training
19,2024-12-22,8,Sick
19,2024-12-23,8,Sick
19,2025-03-07,8,Parental
19,2025-06-14,8,Parental
19,2025-06-28,8,Parental
20,2021-02-08,8,Training
21,2020-11-24,8,Vacation
22,2024-07-31,8,Personal
22,2024-08-14,8,Personal
23,2025-08-19,8,Sick
23,2025-08-20,8,Sick
23,2025-08-21,8,Sick
23,2025-08-22,8,Sick
23,2025-08-23,8,Sick
23,2025-09-02,8,Sick
24,2024-08-15,8,Personal
24,2024-09-22,8,Jury Duty
24,2024-09-23,8,Jury Duty
24,2025-05-06,8,Jury Duty
25,2024-03-12,8,Training
26,2024-04-11,8,Jury Duty
26,2024-04-25,8,Jury Duty
26,2025-05-17,8,Personal
26,2025-05-31,8,Jury Duty
27,2023-12-04,8,Personal
28,2024-06-01,8,Sick
28,2024-06-15,8,Jury Duty
28,2024-10-31,8,Jury Duty
28,2024-11-01,8,Jury Duty
28,2024-11-02,8,Jury Duty
28,2024-11-03,8,Jury Duty
28,2024-11-04,8,Jury Duty
28,2024-11-14,8,Jury Duty
29,2024-09-23,8,Parental
29,2024-09-24,8,Parental
29,2024-10-07,8,Parental
29,2024-10-17,8,Parental
29,2024-10-18,8,Parental
29,2024-10-19,8,Parental
29,2024-10-31,8,Parental
30,2024-10-08,8,Jury Duty
30,2024-10-09,8,Jury Duty
30,2024-10-22,8,Parental
30,2025-08-11,8,Parental
30,2025-08-12,8,Parental
30,2025-08-25,8,Parental
31,2025-04-18,8,Parental
31,2025-04-19,8,Parental
31,2025-04-20,8,Parental
31,2025-05-02,8,Parental
32,2024-10-03,8,Parental
32,2024-10-17,8,Parental
32,2024-11-29,8,Vacation
32,2024-11-30,8,Vacation
32,2024-12-01,8,Vacation
32,2024-12-13,8,Parental
33,2024-02-07,8,Personal
34,2024-08-17,8,Vacation
35,2025-05-23,8,Personal
35,2025-05-24,8,Personal
35,2025-06-06,8,Personal
35,2025-07-24,8,Parental
35,2025-07-25,8,Parental
35,2025-08-07,8,Personal
36,2025-03-18,8,Vacation
36,2025-04-01,8,Vacation
37,2026-03-14,8,Personal
38,2025-06-22,8,Personal
38,2025-07-06,8,Personal
39,2021-11-02,8,Vacation
40,2024-05-28,8,Training
41,2024-08-05,8,Jury Duty
41,2025-01-23,8,Personal
41,2025-01-24,8,Personal
41,2025-03-18,8,Jury Duty
42,2025-07-27,8,Sick
42,2025-07-28,8,Sick
42,2025-07-29,8,Sick
42,2025-08-10,8,Personal
42,2025-09-24,8,Personal
42,2025-10-08,8,Personal
43,2024-07-26,8,Jury Duty
43,2024-08-09,8,Jury Duty
43,2025-03-19,8,Vacation
43,2025-04-02,8,Jury Duty
44,2024-07-19,8,Vacation
45,2024-04-22,8,Sick
45,2024-11-21,8,Sick
46,2024-09-09,8,Personal
47,2025-05-18,8,Sick
47,2025-05-19,8,Sick
47,2025-05-20,8,Sick
47,2025-06-01,8,Sick
47,2025-07-05,8,Jury Duty
47,2025-07-06,8,Jury Duty
47,2025-07-19,8,Sick
48,2020-07-11,8,Personal
49,2025-01-19,8,Parental
49,2025-01-20,8,Parental
49,2025-02-02,8,Parental
49,2025-06-10,8,Personal
49,2025-06-11,8,Personal
49,2025-06-24,8,Parental
50,2024-04-19,8,Training
51,2025-01-21,8,Vacation
52,2021-05-14,8,Sick
53,2023-07-14,8,Vacation
54,2024-08-08,8,Vacation
54,2024-08-22,8,Vacation
54,2024-12-21,8,Parental
54,2025-01-04,8,Vacation
55,2020-11-23,8,Sick
56,2025-04-23,8,Sick
56,2025-04-24,8,Sick
56,2025-04-25,8,Sick
56,2025-05-07,8,Sick
57,2025-01-16,8,Sick
57,2025-01-30,8,Sick
58,2025-01-14,8,Personal
58,2025-01-28,8,Vacation
58,2025-03-15,8,Vacation
58,2025-03-16,8,Vacation
58,2025-03-29,8,Vacation
59,2025-04-06,8,Vacation
59,2025-04-07,8,Vacation
59,2025-04-20,8,Vacation
60,2021-01-21,8,Personal
61,2024-04-10,8,Training
62,2024-06-15,8,Parental
62,2024-06-29,8,Parental
63,2025-03-05,8,Personal
64,2024-06-22,8,Sick
64,2024-06-23,8,Sick
64,2025-05-01,8,Sick
65,2025-05-22,8,Vacation
66,2024-08-19,8,Parental
66,2024-08-20,8,Parental
66,2024-09-02,8,Parental
67,2025-10-17,8,Jury Duty
67,2025-10-31,8,Jury Duty
68,2021-06-27,8,Vacation
69,2024-06-12,8,Parental
69,2024-06-13,8,Parental
69,2024-06-14,8,Parental
69,2024-06-26,8,Jury Duty
69,2024-08-27,8,Jury Duty
69,2024-08-28,8,Jury Duty
69,2024-09-10,8,Jury Duty
70,2024-12-25,8,Personal
70,2024-12-26,8,Personal
70,2025-05-30,8,Personal
71,2025-07-10,8,Training
72,2024-11-19,8,Training
73,2023-03-30,8,Personal
74,2022-07-20,8,Sick
75,2025-07-11,8,Personal
75,2025-07-12,8,Personal
75,2025-07-13,8,Personal
75,2025-07-25,8,Personal
76,2024-09-15,8,Jury Duty
76,2024-09-29,8,Parental
76,2025-04-25,8,Parental
76,2025-05-09,8,Parental
77,2024-05-12,8,Parental
77,2024-05-26,8,Parental
77,2024-11-24,8,Sick
77,2024-11-25,8,Sick
77,2024-12-08,8,Parental
78,2024-04-01,8,Parental
78,2024-04-02,8,Parental
78,2024-04-03,8,Parental
78,2024-04-15,8,Parental
78,2024-07-27,8,Sick
78,2024-07-28,8,Sick
78,2024-08-10,8,Parental
79,2024-10-29,8,Personal
79,2024-10-30,8,Personal
79,2024-11-12,8,Personal
79,2025-01-27,8,Sick
79,2025-02-10,8,Personal
80,2024-06-09,8,Jury Duty
80,2024-06-10,8,Jury Duty
80,2024-06-11,8,Jury Duty
80,2024-06-23,8,Jury Duty
80,2024-09-13,8,Jury Duty
80,2024-09-27,8,Jury Duty
81,2025-12-16,8,Training
82,2024-12-27,8,Jury Duty
82,2025-01-10,8,Jury Duty
83,2023-05-08,8,Vacation
84,2025-06-22,8,Sick
84,2025-07-06,8,Sick
85,2021-01-05,8,Training
86,2024-11-13,8,Jury Duty
86,2024-11-27,8,Jury Duty
87,2024-05-06,8,Jury Duty
87,2024-05-07,8,Jury Duty
87,2024-05-20,8,Sick
87,2024-11-12,8,Sick
87,2024-11-26,8,Sick
88,2024-12-22,8,Personal
89,2021-06-09,8,Training
90,2025-01-05,8,Parental
90,2025-01-06,8,Parental
90,2025-01-07,8,Parental
90,2025-01-19,8,Parental
91,2024-07-24,8,Sick
91,2024-07-25,8,Sick
91,2024-07-26,8,Sick
91,2024-08-07,8,Vacation
91,2024-08-21,8,Vacation
91,2024-08-22,8,Vacation
91,2024-08-23,8,Vacation
91,2024-09-04,8,Vacation
92,2023-05-27,8,Personal
93,2024-05-26,8,Jury Duty
93,2024-06-09,8,Jury Duty
94,2023-03-28,8,Training
95,2025-07-13,8,Parental
95,2025-07-27,8,Parental
96,2025-09-03,8,Parental
96,2025-09-04,8,Parental
96,2025-09-17,8,Parental
97,2025-09-04,8,Sick
98,2023-10-13,8,Vacation
99,2025-07-03,8,Personal
99,2025-07-17,8,Personal
100,2021-11-27,8,Vacation
101,2024-05-19,8,Jury Duty
101,2024-05-20,8,Jury Duty
101,2024-05-21,8,Jury Duty
101,2024-05-22,8,Jury Duty
101,2024-05-23,8,Jury Duty
101,2024-12-28,8,Parental
101,2024-12-29,8,Parental
101,2024-12-30,8,Parental
101,2024-12-31,8,Parental
101,2025-01-01,8,Parental
101,2025-03-13,8,Parental
102,2026-03-24,8,Vacation
103,2025-06-06,8,Personal
104,2024-08-26,8,Sick
104,2024-08-27,8,Sick
104,2024-08-28,8,Sick
104,2025-02-01,8,Sick
105,2024-04-10,8,Sick
105,2024-04-24,8,Sick
105,2025-10-13,8,Sick
105,2025-10-27,8,Sick
106,2021-08-23,8,Personal
107,2022-10-18,8,Training
108,2025-08-27,8,Training
109,2021-10-22,8,Vacation
110,2025-03-13,8,Vacation
110,2025-03-27,8,Parental
110,2025-04-02,8,Parental
110,2025-04-03,8,Parental
110,2025-04-16,8,Parental
111,2021-03-17,8,Vacation
112,2025-03-07,8,Parental
112,2025-03-08,8,Parental
112,2025-03-21,8,Parental
112,2025-03-22,8,Sick
112,2025-04-04,8,Parental
113,2021-02-28,8,Sick
114,2021-10-12,8,Sick
115,2024-08-11,8,Jury Duty
115,2024-08-25,8,Jury Duty
116,2025-06-29,8,Jury Duty
116,2025-06-30,8,Jury Duty
116,2025-07-13,8,Vacation
116,2025-07-27,8,Vacation
117,2024-09-05,8,Parental
117,2024-09-06,8,Parental
117,2024-09-07,8,Parental
117,2024-09-19,8,Parental
117,2025-03-27,8,Parental
117,2025-04-10,8,Parental
118,2024-11-06,8,Vacation
118,2024-11-20,8,Vacation
119,2025-05-26,8,Jury Duty
119,2025-06-09,8,Jury Duty
120,2025-10-29,8,Training
121,2025-01-01,8,Personal
121,2025-01-15,8,Personal
121,2025-07-27,8,Sick
121,2025-07-28,8,Sick
121,2025-07-29,8,Sick
121,2025-08-10,8,Personal
122,2024-05-16,8,Personal
123,2025-10-12,8,Jury Duty
123,2025-10-26,8,Jury Duty
124,2023-01-11,8,Training
125,2025-04-14,8,Sick
125,2025-04-28,8,Parental
125,2025-05-15,8,Parental
125,2025-05-29,8,Parental
126,2024-09-23,8,Jury Duty
126,2024-09-24,8,Jury Duty
126,2024-10-07,8,Jury Duty
127,2025-02-17,8,Sick
127,2025-03-03,8,Sick
128,2024-07-02,8,Jury Duty
128,2024-07-03,8,Jury Duty
128,2024-07-16,8,Personal
128,2025-08-11,8,Personal
128,2025-08-25,8,Personal
129,2023-06-06,8,Personal
130,2024-06-26,8,Sick
130,2024-07-10,8,Sick
131,2021-05-24,8,Vacation
132,2025-04-12,8,Sick
132,2025-04-26,8,Vacation
132,2025-07-15,8,Vacation
132,2025-07-16,8,Vacation
132,2025-07-29,8,Vacation
133,2022-07-11,8,Training
134,2025-05-24,8,Personal
134,2025-06-07,8,Personal
135,2025-09-01,8,Vacation
136,2024-05-02,8,Vacation
136,2024-05-03,8,Vacation
136,2024-05-16,8,Vacation
136,2024-09-01,8,Jury Duty
136,2024-09-15,8,Vacation
137,2024-06-02,8,Personal
137,2024-06-16,8,Personal
137,2025-03-27,8,Personal
137,2025-03-28,8,Personal
137,2025-04-10,8,Personal
138,2024-02-03,8,Personal
139,2022-06-22,8,Training
140,2023-10-08,8,Vacation
141,2024-04-26,8,Parental
141,2024-04-27,8,Parental
141,2024-05-10,8,Parental
142,2024-11-23,8,Vacation
142,2024-12-07,8,Vacation
142,2025-01-29,8,Vacation
142,2025-02-12,8,Vacation
143,2024-05-22,8,Vacation
143,2024-05-23,8,Vacation
143,2024-05-24,8,Vacation
143,2024-05-25,8,Vacation
143,2024-05-26,8,Vacation
143,2024-06-05,8,Vacation
144,2024-09-25,8,Jury Duty
144,2024-09-26,8,Jury Duty
144,2025-03-31,8,Jury Duty
145,2024-01-05,8,Training
146,2024-11-02,8,Sick
146,2024-11-03,8,Sick
146,2024-11-16,8,Personal
146,2025-08-19,8,Personal
146,2025-08-20,8,Personal
146,2025-09-02,8,Personal
147,2020-11-18,8,Vacation
148,2023-10-07,8,Training
149,2024-10-12,8,Sick
149,2024-10-13,8,Sick
149,2024-10-16,8,Vacation
149,2024-10-26,8,Sick
149,2024-10-30,8,Sick
150,2024-07-10,8,Parental
150,2025-01-29,8,Parental
151,2024-07-14,8,Jury Duty
151,2025-04-24,8,Vacation
151,2025-07-19,8,Vacation
151,2025-07-20,8,Vacation
151,2025-07-21,8,Vacation
151,2025-08-02,8,Vacation
152,2021-02-18,8,Vacation
153,2023-06-29,8,Vacation
154,2025-04-20,8,Vacation
154,2025-04-21,8,Vacation
154,2025-05-04,8,Parental
154,2025-06-21,8,Parental
154,2025-06-22,8,Parental
154,2025-07-05,8,Parental
155,2023-11-19,8,Training
156,2024-09-20,8,Vacation
156,2024-09-29,8,Parental
156,2024-10-04,8,Parental
156,2024-10-13,8,Parental
157,2024-08-21,8,Jury Duty
157,2024-08-22,8,Jury Duty
157,2024-09-04,8,Sick
157,2024-10-18,8,Sick
157,2024-10-19,8,Sick
157,2024-10-20,8,Sick
157,2024-11-01,8,Sick
158,2024-05-09,8,Personal
158,2024-05-10,8,Personal
158,2024-05-23,8,Personal
158,2024-08-25,8,Personal
158,2024-08-26,8,Personal
158,2024-09-08,8,Personal
159,2024-06-27,8,Sick
159,2024-06-28,8,Sick
159,2024-09-17,8,Parental
159,2025-10-19,8,Parental
159,2025-11-02,8,Parental
160,2022-06-15,8,Vacation
161,2025-09-20,8,Training
162,2022-01-13,8,Vacation
163,2024-05-16,8,Personal
163,2024-05-17,8,Personal
163,2024-05-18,8,Personal
163,2024-05-19,8,Personal
163,2024-05-20,8,Personal
163,2025-05-08,8,Jury Duty
163,2025-05-25,8,Jury Duty
163,2025-05-26,8,Jury Duty
163,2025-05-27,8,Jury Duty
163,2025-06-08,8,Jury Duty
164,2024-05-19,8,Parental
164,2024-06-02,8,Personal
164,2024-11-10,8,Personal
164,2024-11-24,8,Personal
165,2024-05-13,8,Sick
165,2024-05-14,8,Sick
165,2024-05-27,8,Personal
165,2025-08-08,8,Personal
165,2025-08-22,8,Personal
166,2024-06-11,8,Parental
166,2024-06-12,8,Parental
166,2024-06-13,8,Parental
166,2024-06-25,8,Parental
167,2021-02-22,8,Personal
168,2024-09-16,8,Jury Duty
168,2024-09-17,8,Jury Duty
168,2024-09-30,8,Jury Duty
169,2022-07-16,8,Training
170,2025-08-31,8,Jury Duty
170,2025-09-14,8,Jury Duty
171,2021-07-16,8,Training
172,2024-06-01,8,Sick
172,2024-06-02,8,Sick
172,2024-06-03,8,Sick
172,2025-03-18,8,Sick
173,2024-11-18,8,Vacation
173,2024-11-19,8,Vacation
173,2024-11-20,8,Vacation
173,2024-12-02,8,Vacation
174,2024-07-04,8,Vacation
174,2024-07-05,8,Vacation
174,2024-07-18,8,Vacation
174,2025-08-28,8,Sick
174,2025-08-29,8,Sick
174,2025-08-30,8,Sick
174,2025-09-11,8,Vacation
175,2025-06-15,8,Vacation
175,2025-06-16,8,Vacation
175,2025-06-29,8,Vacation
175,2025-08-21,8,Jury Duty
175,2025-08-22,8,Jury Duty
175,2025-08-23,8,Jury Duty
175,2025-08-24,8,Jury Duty
175,2025-08-25,8,Jury Duty
175,2025-09-04,8,Vacation
176,2024-05-05,8,Jury Duty
176,2024-05-06,8,Jury Duty
176,2024-05-07,8,Jury Duty
176,2024-05-19,8,Jury Duty
177,2025-08-21,8,Sick
177,2025-08-22,8,Sick
177,2025-08-23,8,Sick
177,2025-09-04,8,Sick
178,2025-03-02,8,Parental
178,2025-03-03,8,Parental
178,2025-03-04,8,Parental
178,2025-03-16,8,Parental
179,2022-04-26,8,Vacation
180,2024-10-18,8,Sick
180,2024-11-01,8,Sick
181,2024-07-29,8,Jury Duty
181,2024-07-30,8,Jury Duty
181,2024-08-12,8,Personal
181,2025-03-08,8,Personal
181,2025-03-22,8,Personal
182,2024-12-19,8,Parental
182,2025-01-02,8,Parental
183,2025-02-09,8,Jury Duty
183,2025-02-23,8,Parental
183,2025-06-29,8,Parental
183,2025-07-13,8,Parental
184,2024-10-05,8,Training
185,2023-08-01,8,Personal
186,2024-11-02,8,Personal
186,2024-11-03,8,Personal
186,2025-05-20,8,Personal
187,2024-12-14,8,Sick
187,2024-12-28,8,Sick
188,2024-05-31,8,Personal
188,2024-06-14,8,Personal
189,2024-10-09,8,Personal
189,2024-10-10,8,Personal
189,2024-10-23,8,Personal
190,2025-04-02,8,Sick
190,2025-04-16,8,Personal
190,2025-06-07,8,Personal
190,2025-06-08,8,Personal
190,2025-06-21,8,Personal
191,2024-09-01,8,Vacation
191,2024-09-02,8,Vacation
191,2024-09-03,8,Vacation
191,2024-09-15,8,Vacation
192,2025-06-16,8,Jury Duty
192,2025-06-30,8,Jury Duty
192,2025-10-02,8,Jury Duty
192,2025-10-03,8,Jury Duty
192,2025-10-16,8,Jury Duty
193,2025-01-19,8,Parental
193,2025-01-20,8,Parental
193,2025-02-02,8,Personal
193,2025-03-22,8,Personal
193,2025-03-23,8,Personal
193,2025-04-05,8,Personal
194,2024-06-01,8,Jury Duty
194,2025-03-25,8,Jury Duty
194,2025-07-30,8,Jury Duty
194,2025-07-31,8,Jury Duty
194,2025-08-01,8,Jury Duty
194,2025-08-13,8,Jury Duty
195,2025-12-22,8,Training
196,2024-11-27,8,Sick
196,2024-12-11,8,Sick
197,2025-01-25,8,Sick
197,2025-01-26,8,Sick
197,2025-02-08,8,Sick
198,2025-09-11,8,Parental
198,2025-09-12,8,Parental
198,2025-09-25,8,Parental
199,2024-10-03,8,Sick
199,2024-10-17,8,Sick
199,2025-06-15,8,Sick
199,2025-06-16,8,Sick
199,2025-06-29,8,Sick
200,2024-04-14,8,Parental
200,2024-04-28,8,Parental
200,2024-06-08,8,Parental
200,2024-06-22,8,Parental
201,2021-03-18,8,Vacation
202,2023-06-28,8,Training
203,2021-12-31,8,Training
204,2025-03-17,8,Sick
204,2025-03-31,8,Sick
205,2025-08-04,8,Personal
205,2025-08-18,8,Personal
206,2023-07-13,8,Sick
207,2024-12-27,8,Jury Duty
207,2024-12-28,8,Jury Duty
207,2025-01-10,8,Jury Duty
208,2021-03-16,8,Training
209,2022-10-02,8,Vacation
210,2025-09-21,8,Sick
210,2025-09-22,8,Sick
210,2025-10-01,8,Parental
210,2025-10-02,8,Parental
210,2025-10-03,8,Parental
210,2025-10-04,8,Parental
210,2025-10-05,8,Sick
210,2025-10-15,8,Sick
211,2022-02-02,8,Training
212,2024-08-22,8,Sick
212,2024-09-05,8,Sick
213,2022-11-17,8,Sick
214,2024-07-03,8,Sick
214,2024-07-04,8,Sick
214,2024-10-22,8,Sick
215,2021-12-19,8,Vacation
216,2024-06-10,8,Personal
216,2024-06-24,8,Personal
216,2025-03-04,8,Vacation
216,2025-03-18,8,Personal
217,2021-06-03,8,Vacation
218,2021-05-06,8,Training
219,2024-06-12,8,Vacation
220,2024-12-16,8,Personal
220,2024-12-30,8,Personal
221,2025-01-14,8,Vacation
221,2025-01-28,8,Parental
221,2025-04-05,8,Parental
221,2025-04-19,8,Parental
222,2024-11-11,8,Personal
222,2024-11-25,8,Personal
222,2025-08-27,8,Parental
222,2025-08-28,8,Parental
222,2025-09-10,8,Personal
223,2024-12-01,8,Parental
223,2024-12-15,8,Jury Duty
223,2024-12-18,8,Jury Duty
223,2024-12-19,8,Jury Duty
223,2025-01-01,8,Jury Duty
224,2024-02-23,8,Sick
225,2024-05-12,8,Sick
225,2024-05-13,8,Sick
225,2024-05-26,8,Sick
225,2025-07-04,8,Sick
225,2025-07-18,8,Sick
226,2022-12-31,8,Vacation
227,2021-10-08,8,Training
228,2024-01-30,8,Vacation
229,2025-03-05,8,Sick
230,2024-04-08,8,Sick
230,2024-04-09,8,Sick
230,2024-04-22,8,Personal
230,2024-05-11,8,Personal
230,2024-05-12,8,Personal
230,2024-05-25,8,Personal
231,2023-03-17,8,Vacation
232,2025-08-29,8,Vacation
232,2025-09-12,8,Vacation
233,2024-04-14,8,Personal
233,2024-04-28,8,Jury Duty
233,2025-02-09,8,Jury Duty
233,2025-02-23,8,Jury Duty
234,2025-01-15,8,Vacation
235,2025-02-16,8,Parental
235,2025-03-02,8,Parental
236,2021-11-08,8,Training
237,2025-02-17,8,Parental
237,2025-03-03,8,Parental
237,2025-04-04,8,Vacation
237,2025-04-18,8,Parental
238,2025-03-12,8,Sick
238,2025-03-26,8,Jury Duty
238,2025-09-16,8,Jury Duty
238,2025-09-30,8,Jury Duty
239,2022-12-06,8,Vacation
240,2024-04-13,8,Sick
240,2024-04-14,8,Sick
240,2024-04-27,8,Sick
240,2025-07-15,8,Parental
240,2025-07-29,8,Sick
241,2025-03-14,8,Vacation
241,2025-03-28,8,Vacation
242,2025-05-29,8,Personal
242,2025-05-30,8,Personal
242,2025-05-31,8,Personal
242,2025-06-12,8,Personal
242,2025-08-06,8,Personal
242,2025-08-20,8,Personal
243,2025-08-21,8,Parental
243,2025-09-04,8,Parental
244,2023-06-18,8,Vacation
245,2025-07-19,8,Jury Duty
245,2025-08-02,8,Jury Duty
245,2025-09-28,8,Parental
245,2025-10-12,8,Jury Duty
246,2024-04-29,8,Vacation
246,2024-05-13,8,Vacation
246,2024-08-04,8,Sick
246,2024-08-05,8,Sick
246,2024-08-18,8,Vacation
247,2024-11-27,8,Personal
248,2021-09-16,8,Vacation
249,2024-09-08,8,Training
250,2025-04-02,8,Jury Duty
250,2025-04-03,8,Jury Duty
250,2025-04-04,8,Jury Duty
250,2025-04-16,8,Jury Duty
251,2024-03-12,8,Training
252,2024-06-22,8,Jury Duty
252,2024-06-23,8,Jury Duty
252,2024-06-24,8,Jury Duty
252,2024-07-06,8,Jury Duty
252,2025-01-14,8,Jury Duty
252,2025-01-28,8,Jury Duty
253,2021-03-04,8,Vacation
254,2024-04-01,8,Parental
254,2024-04-02,8,Parental
254,2024-05-19,8,Parental
255,2025-03-03,8,Training
256,2024-06-28,8,Sick
256,2024-07-12,8,Sick
257,2025-09-23,8,Parental
257,2025-10-07,8,Parental
258,2024-12-15,8,Parental
258,2024-12-16,8,Parental
258,2024-12-29,8,Parental
258,2025-05-06,8,Parental
258,2025-05-20,8,Parental
259,2025-04-26,8,Sick
259,2025-05-10,8,Sick
260,2022-10-20,8,Vacation
261,2025-04-09,8,Parental
261,2025-04-10,8,Parental
261,2025-04-23,8,Parental
262,2024-07-29,8,Vacation
262,2024-07-30,8,Vacation
262,2024-08-12,8,Vacation
263,2021-08-30,8,Sick
264,2023-11-04,8,Personal
265,2024-06-02,8,Jury Duty
265,2024-06-03,8,Jury Duty
265,2024-06-04,8,Jury Duty
265,2024-06-05,8,Jury Duty
265,2024-06-06,8,Jury Duty
265,2024-06-16,8,Jury Duty
266,2025-10-12,8,Parental
266,2025-10-26,8,Parental
267,2025-10-06,8,Personal
267,2025-10-07,8,Personal
267,2025-10-08,8,Personal
267,2025-10-20,8,Personal
268,2025-03-10,8,Jury Duty
268,2025-03-11,8,Jury Duty
268,2025-05-07,8,Personal
268,2025-05-08,8,Personal
268,2025-05-09,8,Personal
268,2025-06-26,8,Jury Duty
269,2024-10-05,8,Personal
269,2024-10-06,8,Personal
269,2024-10-19,8,Personal
270,2025-08-23,8,Parental
270,2025-08-24,8,Parental
270,2025-09-06,8,Parental
271,2023-11-06,8,Training
272,2024-11-15,8,Parental
272,2024-11-29,8,Parental
273,2024-07-04,8,Jury Duty
273,2024-07-05,8,Jury Duty
273,2024-10-27,8,Parental
273,2025-07-03,8,Parental
273,2025-07-17,8,Parental
274,2024-10-04,8,Vacation
274,2024-10-18,8,Vacation
274,2025-04-12,8,Personal
274,2025-04-13,8,Personal
274,2025-04-14,8,Personal
274,2025-04-26,8,Vacation
275,2024-07-18,8,Personal
275,2024-07-19,8,Personal
275,2024-08-01,8,Sick
275,2025-02-16,8,Sick
275,2025-02-17,8,Sick
275,2025-02-18,8,Sick
275,2025-03-02,8,Sick
276,2021-11-05,8,Vacation
277,2025-09-15,8,Parental
277,2025-09-16,8,Parental
277,2025-09-17,8,Parental
277,2025-09-29,8,Parental
278,2024-12-28,8,Parental
278,2024-12-29,8,Parental
278,2024-12-30,8,Parental
278,2024-12-31,8,Parental
278,2025-01-01,8,Parental
278,2025-01-11,8,Parental
279,2023-04-15,8,Training
280,2024-06-08,8,Vacation
280,2024-06-09,8,Vacation
280,2025-02-10,8,Sick
280,2025-02-11,8,Sick
280,2025-06-21,8,Sick
281,2022-03-22,8,Sick
282,2024-10-29,8,Sick
282,2024-11-12,8,Sick
283,2024-05-01,8,Parental
283,2024-05-02,8,Parental
283,2024-05-03,8,Parental
283,2024-05-15,8,Parental
284,2024-10-20,8,Personal
284,2024-11-03,8,Personal
285,2024-10-29,8,Parental
285,2024-11-12,8,Parental
286,2023-06-30,8,Sick
287,2022-07-14,8,Vacation
288,2021-12-31,8,Sick
289,2025-04-22,8,Vacation
289,2025-04-23,8,Vacation
289,2025-04-24,8,Vacation
289,2025-04-25,8,Vacation
289,2025-04-26,8,Vacation
289,2025-05-06,8,Vacation
290,2022-06-03,8,Sick
291,2024-04-15,8,Jury Duty
291,2025-01-27,8,Jury Duty
292,2023-07-30,8,Sick
293,2025-04-20,8,Sick
293,2025-04-21,8,Sick
293,2025-05-04,8,Sick
294,2025-04-26,8,Sick
294,2025-05-10,8,Sick
295,2023-05-06,8,Sick
296,2023-09-13,8,Training
297,2024-04-10,8,Vacation
297,2024-04-24,8,Personal
297,2024-05-10,8,Personal
297,2024-05-11,8,Personal
297,2024-05-12,8,Personal
297,2024-05-24,8,Personal
298,2025-02-18,8,Sick
298,2025-03-04,8,Sick
298,2025-07-22,8,Parental
298,2025-08-05,8,Sick
299,2023-10-16,8,Vacation
300,2025-08-20,8,Personal
301,2024-10-31,8,Parental
301,2024-11-14,8,Parental
301,2024-11-18,8,Sick
301,2024-11-19,8,Sick
301,2024-11-20,8,Sick
301,2024-12-02,8,Parental
302,2025-08-25,8,Sick
302,2025-08-26,8,Sick
302,2025-09-08,8,Sick
303,2024-04-13,8,Vacation
304,2022-09-23,8,Training
305,2023-02-06,8,Training
306,2025-03-04,8,Vacation
306,2025-03-05,8,Vacation
306,2025-03-06,8,Vacation
306,2025-03-18,8,Vacation
307,2025-10-01,8,Sick
308,2020-07-02,8,Sick
309,2024-07-13,8,Training
310,2024-03-26,8,Vacation
310,2024-05-20,8,Personal
310,2024-05-21,8,Personal
310,2024-05-22,8,Personal
310,2025-07-13,8,Personal
311,2021-03-25,8,Personal
312,2024-07-10,8,Sick
312,2024-07-11,8,Sick
312,2024-10-11,8,Sick
313,2024-09-14,8,Jury Duty
313,2024-09-28,8,Jury Duty
314,2025-04-22,8,Sick
314,2025-04-23,8,Sick
314,2025-04-24,8,Sick
314,2025-05-06,8,Sick
315,2022-03-13,8,Sick
316,2024-08-27,8,Parental
316,2024-08-28,8,Parental
316,2024-09-10,8,Parental
317,2024-06-05,8,Sick
317,2024-06-06,8,Sick
317,2024-06-19,8,Vacation
317,2024-07-12,8,Vacation
317,2024-07-13,8,Vacation
317,2024-07-14,8,Vacation
317,2024-07-15,8,Vacation
317,2024-07-16,8,Vacation
317,2024-07-26,8,Vacation
318,2024-03-31,8,Sick
318,2024-04-01,8,Sick
318,2024-04-14,8,Sick
319,2025-03-04,8,Sick
320,2024-12-05,8,Sick
320,2024-12-06,8,Sick
320,2024-12-19,8,Sick
320,2025-08-26,8,Parental
320,2025-09-09,8,Sick
321,2025-03-09,8,Personal
321,2025-03-23,8,Parental
321,2025-05-08,8,Parental
321,2025-05-22,8,Parental
322,2024-09-16,8,Parental
322,2024-09-30,8,Parental
322,2025-09-20,8,Sick
322,2025-10-04,8,Parental
323,2021-07-07,8,Personal
324,2024-05-26,8,Jury Duty
324,2024-06-09,8,Jury Duty
324,2025-05-13,8,Parental
324,2025-05-14,8,Parental
324,2025-05-27,8,Jury Duty
325,2024-04-20,8,Training
326,2024-05-11,8,Parental
326,2024-05-12,8,Parental
326,2024-05-25,8,Parental
327,2024-05-08,8,Personal
327,2024-05-09,8,Personal
327,2024-05-10,8,Personal
327,2024-05-11,8,Personal
327,2024-05-12,8,Personal
327,2024-05-22,8,Personal
328,2022-01-31,8,Training
329,2024-05-18,8,Parental
329,2024-05-19,8,Parental
329,2024-06-01,8,Parental
330,2024-12-11,8,Sick
330,2024-12-13,8,Personal
330,2024-12-14,8,Personal
330,2024-12-25,8,Sick
330,2024-12-27,8,Sick
331,2025-08-29,8,Vacation
331,2025-08-30,8,Vacation
331,2025-09-12,8,Vacation
332,2024-04-01,8,Vacation
333,2024-10-14,8,Vacation
333,2024-10-15,8,Vacation
333,2024-10-28,8,Vacation
333,2025-06-07,8,Jury Duty
333,2025-06-21,8,Vacation
334,2025-11-12,8,Training
335,2021-11-14,8,Personal
336,2024-03-27,8,Parental
336,2024-03-28,8,Parental
336,2024-04-10,8,Parental
337,2024-04-14,8,Personal
337,2024-04-15,8,Personal
337,2024-04-28,8,Personal
338,2022-08-27,8,Personal
339,2024-06-30,8,Vacation
340,2023-05-18,8,Personal
341,2025-03-15,8,Vacation
342,2026-03-17,8,Training
343,2025-09-15,8,Parental
343,2025-09-16,8,Parental
343,2025-09-29,8,Parental
344,2025-03-02,8,Sick
344,2025-03-03,8,Sick
344,2025-03-16,8,Sick
345,2020-07-18,8,Personal
346,2024-09-18,8,Sick
347,2024-10-09,8,Sick
347,2025-02-24,8,Parental
347,2025-07-19,8,Parental
347,2025-08-02,8,Parental
348,2024-11-25,8,Personal
348,2024-11-26,8,Personal
348,2024-11-27,8,Personal
348,2024-12-09,8,Sick
348,2025-07-28,8,Sick
348,2025-08-11,8,Sick
349,2024-10-14,8,Parental
349,2024-10-15,8,Parental
349,2024-11-28,8,Parental
349,2025-10-11,8,Parental
349,2025-10-12,8,Parental
349,2025-10-25,8,Parental
350,2025-08-13,8,Vacation
351,2024-04-05,8,Vacation
351,2024-07-30,8,Vacation
352,2024-05-22,8,Vacation
352,2024-05-23,8,Vacation
352,2024-06-05,8,Vacation
352,2025-08-12,8,Vacation
352,2025-08-13,8,Vacation
352,2025-08-26,8,Vacation
353,2024-03-18,8,Vacation
354,2023-02-18,8,Training
355,2023-10-14,8,Vacation
356,2024-09-10,8,Personal
356,2024-09-11,8,Personal
356,2024-09-12,8,Personal
356,2024-09-13,8,Personal
356,2024-09-14,8,Personal
356,2024-09-24,8,Personal
356,2025-05-23,8,Sick
356,2025-05-24,8,Sick
356,2025-06-06,8,Personal
357,2021-03-17,8,Sick
358,2024-07-08,8,Jury Duty
358,2024-07-09,8,Jury Duty
358,2024-07-22,8,Jury Duty
359,2024-07-28,8,Sick
359,2024-07-29,8,Sick
359,2024-07-30,8,Sick
359,2024-08-11,8,Sick
360,2024-10-17,8,Parental
360,2024-10-31,8,Parental
360,2024-12-23,8,Parental
360,2024-12-24,8,Parental
360,2025-01-06,8,Parental
361,2024-04-16,8,Personal
361,2024-04-30,8,Personal
362,2021-12-25,8,Vacation
363,2025-10-02,8,Parental
363,2025-10-16,8,Parental
364,2024-05-02,8,Jury Duty
364,2024-05-16,8,Personal
364,2024-12-05,8,Personal
364,2024-12-06,8,Personal
364,2024-12-19,8,Personal
365,2024-11-09,8,Sick
365,2024-11-23,8,Personal
365,2025-05-21,8,Personal
365,2025-06-04,8,Personal
366,2025-06-09,8,Sick
366,2025-06-10,8,Sick
366,2025-06-23,8,Sick
366,2025-09-07,8,Jury Duty
366,2025-09-21,8,Sick
367,2022-09-03,8,Personal
368,2025-08-08,8,Personal
369,2023-12-08,8,Personal
370,2024-02-29,8,Vacation
371,2024-11-16,8,Jury Duty
371,2024-11-30,8,Jury Duty
371,2025-02-12,8,Jury Duty
371,2025-02-26,8,Jury Duty
372,2022-09-01,8,Personal
373,2024-05-02,8,Parental
373,2024-05-03,8,Parental
373,2024-05-04,8,Parental
373,2024-05-16,8,Parental
373,2024-11-07,8,Jury Duty
373,2024-11-08,8,Jury Duty
373,2024-11-09,8,Jury Duty
373,2024-11-21,8,Parental
374,2024-05-24,8,Personal
374,2024-06-07,8,Personal
375,2024-07-20,8,Vacation
375,2024-08-03,8,Vacation
375,2025-05-18,8,Parental
375,2025-06-01,8,Vacation
376,2026-05-08,8,Vacation
377,2025-08-28,8,Sick
377,2025-08-29,8,Sick
377,2025-08-30,8,Sick
377,2025-09-11,8,Sick
378,2025-03-31,8,Sick
379,2026-05-27,8,Vacation
380,2026-02-08,8,Personal
381,2024-07-10,8,Personal
381,2024-07-11,8,Personal
381,2024-07-12,8,Personal
381,2024-07-13,8,Personal
381,2024-07-14,8,Personal
381,2024-10-23,8,Personal
381,2025-08-07,8,Vacation
381,2025-08-08,8,Vacation
381,2025-08-21,8,Personal
382,2023-05-11,8,Vacation
383,2024-06-28,8,Jury Duty
383,2024-06-29,8,Jury Duty
383,2024-07-12,8,Jury Duty
384,2025-04-22,8,Personal
384,2025-05-06,8,Personal
385,2025-02-25,8,Jury Duty
385,2025-02-26,8,Personal
385,2025-02-27,8,Personal
385,2025-03-11,8,Personal
385,2025-03-12,8,Personal
386,2025-08-16,8,Jury Duty
386,2025-08-30,8,Jury Duty
387,2024-04-25,8,Vacation
387,2024-05-09,8,Vacation
387,2024-07-16,8,Parental
387,2024-07-30,8,Vacation
388,2024-04-17,8,Personal
389,2021-04-08,8,Vacation
390,2025-09-14,8,Jury Duty
390,2025-09-15,8,Jury Duty
390,2025-09-28,8,Jury Duty
391,2024-11-24,8,Parental
391,2024-12-08,8,Parental
392,2024-05-02,8,Jury Duty
392,2024-05-03,8,Jury Duty
392,2024-05-04,8,Jury Duty
392,2024-05-16,8,Jury Duty
392,2024-06-28,8,Vacation
392,2024-07-12,8,Jury Duty
393,2021-12-03,8,Vacation
394,2024-08-26,8,Sick
395,2025-03-30,8,Personal
395,2025-04-13,8,Personal
396,2025-04-12,8,Sick
396,2025-04-13,8,Sick
396,2025-04-22,8,Personal
396,2025-04-26,8,Personal
396,2025-05-06,8,Personal
397,2021-05-19,8,Vacation
398,2025-12-21,8,Personal
399,2024-07-21,8,Jury Duty
399,2024-07-22,8,Jury Duty
399,2024-07-23,8,Jury Duty
399,2024-08-04,8,Jury Duty
399,2025-01-15,8,Sick
399,2025-01-16,8,Sick
399,2025-01-29,8,Jury Duty
400,2024-09-02,8,Jury Duty
400,2024-09-16,8,Jury Duty
400,2025-06-04,8,Jury Duty
400,2025-06-05,8,Jury Duty
400,2025-06-06,8,Jury Duty
400,2025-06-18,8,Jury Duty
401,2023-08-09,8,Training
402,2025-09-24,8,Sick
402,2025-09-25,8,Sick
402,2025-09-26,8,Sick
402,2025-10-08,8,Sick
403,2023-05-11,8,Training
404,2024-10-17,8,Sick
404,2024-10-18,8,Sick
404,2024-10-19,8,Sick
404,2024-10-20,8,Sick
404,2024-10-21,8,Sick
404,2024-10-31,8,Personal
404,2025-06-11,8,Personal
404,2025-06-12,8,Personal
404,2025-06-13,8,Personal
404,2025-06-14,8,Personal
404,2025-06-15,8,Personal
404,2025-06-25,8,Personal
405,2025-07-06,8,Personal
406,2024-11-01,8,Jury Duty
406,2024-11-15,8,Jury Duty
406,2025-08-24,8,Jury Duty
406,2025-08-25,8,Jury Duty
406,2025-08-26,8,Jury Duty
406,2025-09-07,8,Jury Duty
407,2024-06-11,8,Parental
407,2024-06-12,8,Parental
407,2024-06-13,8,Parental
407,2024-06-25,8,Parental
407,2024-07-18,8,Parental
407,2024-07-19,8,Parental
407,2024-07-20,8,Parental
407,2024-08-01,8,Parental
408,2024-02-13,8,Vacation
409,2024-12-25,8,Personal
409,2024-12-26,8,Personal
409,2024-12-27,8,Personal
409,2025-01-08,8,Personal
410,2025-05-15,8,Personal
410,2025-05-16,8,Personal
410,2025-05-29,8,Personal
411,2025-02-13,8,Parental
411,2025-04-15,8,Parental
412,2024-04-04,8,Vacation
412,2025-01-06,8,Personal
412,2025-05-25,8,Personal
412,2025-05-26,8,Personal
412,2025-06-08,8,Personal
413,2025-04-01,8,Vacation
414,2024-06-30,8,Jury Duty
414,2024-07-14,8,Jury Duty
415,2024-07-04,8,Sick
416,2025-03-19,8,Parental
416,2025-04-02,8,Parental
417,2022-01-22,8,Training
418,2021-10-03,8,Sick
419,2025-02-04,8,Personal
419,2025-02-18,8,Personal
419,2025-08-29,8,Jury Duty
419,2025-09-12,8,Personal
420,2024-04-15,8,Jury Duty
420,2024-04-16,8,Jury Duty
420,2025-07-23,8,Jury Duty
421,2025-06-16,8,Vacation
421,2025-06-30,8,Vacation
422,2025-04-21,8,Jury Duty
422,2025-04-22,8,Jury Duty
422,2025-05-05,8,Jury Duty
422,2025-06-14,8,Jury Duty
422,2025-06-28,8,Jury Duty
423,2024-07-07,8,Vacation
423,2024-07-08,8,Vacation
423,2024-07-21,8,Vacation
423,2025-08-30,8,Vacation
423,2025-09-13,8,Vacation
424,2025-01-29,8,Vacation
424,2025-02-12,8,Sick
424,2025-06-12,8,Sick
424,2025-06-13,8,Sick
424,2025-06-14,8,Sick
424,2025-06-26,8,Sick
425,2024-09-04,8,Jury Duty
425,2024-09-05,8,Jury Duty
425,2024-09-18,8,Jury Duty
426,2024-11-27,8,Personal
426,2024-11-28,8,Personal
426,2024-11-29,8,Personal
426,2024-12-11,8,Personal
427,2024-09-22,8,Vacation
427,2024-09-23,8,Vacation
427,2024-10-06,8,Vacation
428,2025-04-08,8,Vacation
428,2025-04-22,8,Vacation
428,2025-07-01,8,Parental
428,2025-07-15,8,Vacation
429,2025-03-03,8,Personal
429,2025-03-17,8,Personal
430,2025-03-10,8,Parental
430,2025-03-11,8,Parental
430,2025-03-24,8,Parental
431,2025-02-23,8,Parental
431,2025-02-24,8,Parental
431,2025-03-09,8,Parental
432,2024-10-22,8,Sick
432,2024-11-05,8,Sick
432,2025-03-25,8,Sick
432,2025-04-08,8,Sick
433,2025-08-31,8,Personal
433,2025-09-14,8,Personal
434,2024-09-26,8,Personal
434,2024-09-27,8,Personal
434,2024-10-10,8,Vacation
434,2025-07-02,8,Vacation
434,2025-07-16,8,Vacation
435,2022-01-07,8,Vacation
436,2022-08-27,8,Personal
437,2021-05-25,8,Personal
438,2023-02-25,8,Vacation
439,2024-11-13,8,Personal
440,2024-10-18,8,Parental
440,2024-11-01,8,Parental
441,2024-03-15,8,Sick
442,2025-08-23,8,Personal
443,2024-12-31,8,Personal
443,2025-01-14,8,Personal
444,2025-06-12,8,Jury Duty
444,2025-06-26,8,Jury Duty
444,2025-07-10,8,Jury Duty
444,2025-07-24,8,Jury Duty
445,2025-08-18,8,Personal
445,2025-09-01,8,Personal
446,2024-03-24,8,Jury Duty
446,2024-04-07,8,Jury Duty
446,2025-06-13,8,Jury Duty
446,2025-06-27,8,Jury Duty
447,2023-10-25,8,Personal
448,2025-09-23,8,Personal
449,2021-02-01,8,Vacation
450,2024-09-18,8,Parental
450,2024-09-22,8,Personal
450,2024-10-02,8,Personal
450,2024-10-06,8,Personal
451,2025-06-19,8,Jury Duty
451,2025-06-20,8,Jury Duty
451,2025-06-21,8,Jury Duty
451,2025-07-01,8,Sick
451,2025-07-03,8,Sick
451,2025-07-15,8,Sick
452,2024-06-11,8,Personal
452,2024-06-12,8,Personal
452,2024-06-13,8,Personal
452,2024-06-25,8,Personal
453,2024-09-13,8,Personal
454,2021-06-24,8,Vacation
455,2025-05-17,8,Parental
455,2025-05-18,8,Parental
455,2025-05-31,8,Parental
456,2025-06-30,8,Vacation
456,2025-07-01,8,Vacation
456,2025-07-14,8,Vacation
457,2025-08-14,8,Training
458,2025-07-08,8,Jury Duty
458,2025-07-22,8,Jury Duty
458,2025-09-28,8,Sick
458,2025-09-29,8,Sick
458,2025-10-12,8,Jury Duty
459,2024-11-24,8,Jury Duty
459,2024-11-25,8,Jury Duty
459,2024-12-08,8,Jury Duty
460,2024-10-27,8,Personal
461,2020-08-19,8,Training
462,2021-04-29,8,Sick
463,2024-05-17,8,Parental
463,2024-05-18,8,Parental
463,2024-05-31,8,Parental
464,2025-01-21,8,Parental
464,2025-01-22,8,Parental
464,2025-01-23,8,Parental
464,2025-02-04,8,Parental
464,2025-02-18,8,Parental
465,2025-09-26,8,Sick
465,2025-09-27,8,Sick
465,2025-09-28,8,Sick
465,2025-10-10,8,Sick
466,2023-05-04,8,Sick
467,2024-04-25,8,Jury Duty
467,2024-05-09,8,Jury Duty
467,2025-07-16,8,Personal
467,2025-07-17,8,Personal
467,2025-07-30,8,Jury Duty
468,2024-12-30,8,Sick
468,2024-12-31,8,Sick
468,2025-01-01,8,Sick
468,2025-01-13,8,Sick
468,2025-05-19,8,Sick
468,2025-06-02,8,Sick
469,2023-06-04,8,Personal
470,2025-08-21,8,Parental
470,2025-09-04,8,Parental
471,2024-06-06,8,Sick
471,2024-06-20,8,Sick
472,2024-12-28,8,Vacation
473,2025-08-02,8,Vacation
473,2025-08-16,8,Vacation
474,2022-07-31,8,Personal
475,2024-09-05,8,Parental
475,2024-09-06,8,Parental
475,2024-09-19,8,Parental
475,2025-03-24,8,Jury Duty
475,2025-03-25,8,Jury Duty
475,2025-03-26,8,Jury Duty
475,2025-04-07,8,Parental
476,2021-10-19,8,Vacation
477,2025-08-20,8,Sick
477,2025-09-03,8,Sick
478,2025-06-24,8,Vacation
479,2024-11-18,8,Vacation
479,2024-12-02,8,Vacation
480,2025-03-25,8,Jury Duty
480,2025-03-26,8,Jury Duty
480,2025-04-08,8,Jury Duty
480,2025-06-09,8,Jury Duty
480,2025-06-10,8,Jury Duty
480,2025-06-11,8,Jury Duty
480,2025-06-12,8,Jury Duty
480,2025-06-13,8,Jury Duty
480,2025-06-23,8,Jury Duty
481,2025-09-21,8,Jury Duty
481,2025-10-05,8,Jury Duty
482,2024-04-29,8,Jury Duty
482,2024-04-30,8,Jury Duty
482,2024-05-13,8,Jury Duty
482,2025-03-23,8,Sick
482,2025-03-24,8,Sick
482,2025-04-06,8,Jury Duty
483,2024-05-20,8,Vacation
483,2024-05-21,8,Vacation
483,2024-06-03,8,Vacation
483,2025-07-02,8,Personal
483,2025-07-16,8,Vacation
484,2025-03-05,8,Parental
484,2025-03-06,8,Parental
484,2025-03-07,8,Parental
484,2025-03-19,8,Parental
485,2022-05-23,8,Training
486,2025-04-25,8,Parental
486,2025-05-09,8,Vacation
486,2025-09-27,8,Vacation
486,2025-09-28,8,Vacation
486,2025-10-11,8,Vacation
487,2023-12-30,8,Personal
488,2024-10-06,8,Vacation
488,2024-10-07,8,Vacation
488,2024-10-08,8,Vacation
488,2024-10-20,8,Vacation
488,2025-04-18,8,Parental
488,2025-04-19,8,Parental
488,2025-05-02,8,Vacation
489,2024-01-25,8,Training
490,2024-05-16,8,Sick
490,2024-05-17,8,Sick
490,2024-05-18,8,Sick
490,2024-11-18,8,Parental
490,2024-11-19,8,Parental
490,2024-12-02,8,Parental
490,2024-12-19,8,Parental
491,2024-09-12,8,Sick
491,2024-09-13,8,Sick
491,2024-09-26,8,Jury Duty
491,2024-12-09,8,Jury Duty
491,2024-12-23,8,Jury Duty
492,2024-04-16,8,Vacation
492,2024-04-17,8,Vacation
492,2024-04-18,8,Vacation
492,2024-04-19,8,Vacation
492,2024-04-20,8,Vacation
492,2024-04-30,8,Vacation
492,2024-06-04,8,Vacation
492,2024-06-18,8,Vacation
493,2024-06-15,8,Jury Duty
493,2024-06-29,8,Jury Duty
494,2024-09-15,8,Parental
494,2024-09-16,8,Parental
494,2024-09-29,8,Parental
495,2024-05-05,8,Sick
495,2024-05-19,8,Sick
496,2021-08-15,8,Sick
497,2025-08-08,8,Jury Duty
497,2025-08-09,8,Jury Duty
497,2025-08-22,8,Jury Duty
498,2023-12-18,8,Vacation
499,2025-02-11,8,Sick
499,2025-02-25,8,Sick
500,2021-05-28,8,Personal
501,2024-12-10,8,Personal
501,2024-12-24,8,Personal
501,2025-05-19,8,Jury Duty
501,2025-05-20,8,Jury Duty
501,2025-06-02,8,Personal
502,2025-03-02,8,Personal
502,2025-03-16,8,Personal
502,2025-08-22,8,Jury Duty
502,2025-09-05,8,Personal
503,2025-07-01,8,Personal
503,2025-07-15,8,Personal
504,2025-07-19,8,Personal
505,2025-07-17,8,Vacation
505,2025-07-31,8,Vacation
506,2025-05-22,8,Sick
506,2025-05-23,8,Sick
506,2025-06-05,8,Sick
507,2025-07-13,8,Training
508,2021-09-04,8,Training
509,2021-04-09,8,Personal
510,2022-04-19,8,Vacation
511,2024-08-18,8,Personal
511,2024-09-01,8,Personal
512,2024-12-06,8,Vacation
512,2024-12-20,8,Vacation
512,2025-05-31,8,Vacation
512,2025-06-01,8,Vacation
512,2025-06-14,8,Vacation
513,2025-05-08,8,Vacation
513,2025-05-22,8,Vacation
513,2025-06-12,8,Personal
513,2025-06-13,8,Personal
513,2025-06-26,8,Vacation
514,2024-11-17,8,Sick
514,2024-12-01,8,Personal
514,2025-09-21,8,Personal
514,2025-09-22,8,Personal
514,2025-09-23,8,Personal
514,2025-10-05,8,Personal
515,2024-08-14,8,Vacation
515,2024-08-27,8,Vacation
515,2024-08-28,8,Vacation
515,2024-09-10,8,Vacation
516,2024-01-12,8,Sick
517,2024-11-20,8,Vacation
517,2024-12-04,8,Vacation
518,2020-09-27,8,Training
519,2024-07-30,8,Jury Duty
519,2024-07-31,8,Jury Duty
519,2024-08-13,8,Jury Duty
520,2021-01-31,8,Personal
521,2024-09-28,8,Parental
521,2024-09-29,8,Parental
521,2024-09-30,8,Parental
521,2024-10-12,8,Parental
521,2025-06-27,8,Jury Duty
521,2025-07-11,8,Parental
522,2025-05-18,8,Vacation
523,2024-06-05,8,Sick
523,2024-06-06,8,Sick
523,2024-07-10,8,Parental
523,2024-07-11,8,Parental
523,2025-06-18,8,Parental
524,2025-02-09,8,Personal
525,2024-07-10,8,Jury Duty
525,2024-07-11,8,Jury Duty
525,2024-07-24,8,Jury Duty
525,2025-09-19,8,Vacation
525,2025-09-20,8,Vacation
525,2025-09-21,8,Vacation
525,2025-09-22,8,Vacation
525,2025-09-23,8,Vacation
525,2025-10-03,8,Jury Duty
526,2025-04-30,8,Vacation
526,2025-05-14,8,Vacation
527,2025-07-20,8,Personal
528,2024-12-27,8,Training
529,2024-04-12,8,Jury Duty
529,2024-04-20,8,Parental
529,2024-04-26,8,Jury Duty
529,2024-05-04,8,Jury Duty
530,2025-10-16,8,Sick
530,2025-10-30,8,Sick
531,2025-03-21,8,Jury Duty
531,2025-03-22,8,Jury Duty
531,2025-04-04,8,Jury Duty
532,2024-11-24,8,Sick
532,2024-11-25,8,Sick
532,2024-12-08,8,Sick
532,2025-07-18,8,Sick
532,2025-08-01,8,Sick
533,2020-07-12,8,Personal
534,2024-05-30,8,Jury Duty
534,2025-01-26,8,Sick
534,2025-05-19,8,Sick
535,2024-04-09,8,Personal
535,2024-04-23,8,Personal
535,2025-05-07,8,Jury Duty
535,2025-05-21,8,Personal
536,2024-11-25,8,Personal
536,2024-12-09,8,Parental
536,2025-02-03,8,Parental
536,2025-02-04,8,Parental
536,2025-02-05,8,Parental
536,2025-02-06,8,Parental
536,2025-02-07,8,Parental
536,2025-02-17,8,Parental
537,2026-03-07,8,Training
538,2024-05-12,8,Personal
538,2024-05-13,8,Personal
538,2024-05-14,8,Personal
538,2024-05-26,8,Personal
538,2024-07-12,8,Parental
538,2024-07-26,8,Personal
539,2025-07-23,8,Jury Duty
539,2025-08-06,8,Personal
539,2025-08-23,8,Personal
539,2025-09-06,8,Personal
540,2024-05-02,8,Sick
541,2023-06-28,8,Vacation
542,2022-09-17,8,Vacation
543,2024-05-26,8,Jury Duty
543,2024-06-09,8,Jury Duty
543,2025-09-20,8,Parental
543,2025-10-04,8,Jury Duty
544,2025-12-10,8,Personal
545,2022-05-29,8,Personal
546,2025-03-07,8,Parental
546,2025-03-21,8,Parental
547,2021-12-26,8,Sick
548,2024-06-20,8,Jury Duty
548,2024-07-04,8,Sick
548,2025-02-14,8,Sick
548,2025-02-28,8,Sick
549,2024-04-26,8,Jury Duty
549,2024-07-03,8,Jury Duty
549,2025-10-01,8,Sick
549,2025-10-02,8,Sick
549,2025-10-03,8,Sick
549,2025-10-04,8,Sick
549,2025-10-05,8,Sick
549,2025-10-15,8,Jury Duty
550,2021-12-12,8,Personal
551,2021-04-08,8,Training
552,2021-11-01,8,Training
553,2022-11-17,8,Sick
554,2025-04-23,8,Personal
554,2025-04-24,8,Personal
554,2025-04-25,8,Personal
554,2025-05-07,8,Personal
555,2022-03-31,8,Vacation
556,2024-05-27,8,Vacation
556,2024-06-10,8,Vacation
556,2025-01-21,8,Jury Duty
556,2025-02-04,8,Vacation
557,2021-07-25,8,Vacation
558,2024-12-17,8,Vacation
559,2025-07-19,8,Sick
559,2025-08-02,8,Sick
560,2025-06-20,8,Sick
561,2024-03-31,8,Personal
561,2024-04-01,8,Personal
561,2024-05-01,8,Jury Duty
561,2024-05-02,8,Jury Duty
561,2025-04-24,8,Jury Duty
562,2023-02-24,8,Personal
563,2024-12-15,8,Personal
563,2024-12-29,8,Parental
563,2025-07-17,8,Parental
563,2025-07-31,8,Parental
564,2024-11-24,8,Parental
564,2024-12-08,8,Parental
565,2021-03-09,8,Sick
566,2024-06-23,8,Vacation
566,2024-07-07,8,Parental
566,2025-03-28,8,Parental
566,2025-04-11,8,Parental
567,2025-06-12,8,Vacation
567,2025-06-13,8,Vacation
567,2025-06-26,8,Vacation
567,2025-07-09,8,Parental
567,2025-07-23,8,Vacation
568,2022-07-25,8,Vacation
569,2024-09-06,8,Vacation
570,2024-06-01,8,Sick
570,2024-06-15,8,Sick
571,2025-02-12,8,Personal
571,2025-02-13,8,Personal
571,2025-02-26,8,Personal
571,2025-04-21,8,Personal
571,2025-04-22,8,Personal
571,2025-05-05,8,Personal
572,2024-09-12,8,Vacation
572,2024-09-13,8,Vacation
572,2024-09-14,8,Vacation
572,2024-09-26,8,Jury Duty
572,2025-02-23,8,Jury Duty
572,2025-02-24,8,Jury Duty
572,2025-03-09,8,Jury Duty
573,2024-12-23,8,Vacation
573,2024-12-24,8,Vacation
573,2025-01-06,8,Parental
573,2025-02-07,8,Parental
573,2025-02-08,8,Parental
573,2025-02-09,8,Parental
573,2025-02-21,8,Parental
574,2020-08-23,8,Vacation
575,2022-12-20,8,Sick
576,2023-02-21,8,Training
577,2022-07-27,8,Personal
578,2024-10-22,8,Personal
578,2024-11-05,8,Personal
578,2025-06-01,8,Personal
578,2025-06-15,8,Personal
579,2024-03-26,8,Vacation
579,2024-04-09,8,Vacation
580,2020-07-13,8,Training
581,2024-07-19,8,Vacation
581,2024-07-20,8,Vacation
581,2024-07-21,8,Vacation
581,2024-09-04,8,Jury Duty
581,2025-08-13,8,Jury Duty
581,2025-08-14,8,Jury Duty
581,2025-08-27,8,Jury Duty
582,2024-03-25,8,Vacation
582,2024-03-26,8,Vacation
582,2024-08-03,8,Sick
582,2024-08-04,8,Sick
582,2024-08-05,8,Sick
582,2024-08-06,8,Sick
582,2024-08-07,8,Sick
582,2025-05-05,8,Sick
583,2021-11-30,8,Vacation
584,2024-08-31,8,Jury Duty
584,2024-09-14,8,Personal
584,2025-02-13,8,Personal
584,2025-02-27,8,Personal
585,2024-11-07,8,Training
586,2025-09-03,8,Vacation
587,2024-03-29,8,Sick
587,2024-03-30,8,Sick
587,2024-05-08,8,Jury Duty
587,2024-11-14,8,Sick
588,2025-02-26,8,Parental
588,2025-02-27,8,Parental
588,2025-02-28,8,Parental
588,2025-03-12,8,Vacation
588,2025-04-13,8,Vacation
588,2025-04-14,8,Vacation
588,2025-04-15,8,Vacation
588,2025-04-16,8,Vacation
588,2025-04-17,8,Vacation
588,2025-04-27,8,Vacation
589,2025-03-18,8,Vacation
589,2025-04-01,8,Vacation
589,2025-09-04,8,Jury Duty
589,2025-09-05,8,Jury Duty
589,2025-09-18,8,Vacation
590,2024-11-10,8,Vacation
591,2024-05-18,8,Sick
591,2024-06-01,8,Vacation
591,2025-07-15,8,Vacation
591,2025-07-16,8,Vacation
591,2025-07-29,8,Vacation
592,2023-04-16,8,Vacation
593,2025-01-31,8,Personal
594,2024-11-14,8,Parental
594,2024-11-28,8,Parental
594,2025-07-19,8,Sick
594,2025-08-02,8,Parental
595,2021-04-30,8,Sick
596,2024-10-29,8,Personal
596,2024-10-30,8,Personal
596,2024-10-31,8,Personal
596,2024-11-12,8,Personal
596,2025-04-06,8,Parental
596,2025-04-20,8,Personal
597,2021-11-30,8,Training
598,2023-10-13,8,Sick
599,2025-04-11,8,Jury Duty
599,2025-04-25,8,Jury Duty
600,2024-12-23,8,Personal
600,2025-01-06,8,Personal
600,2025-04-07,8,Vacation
600,2025-04-21,8,Personal
601,2025-06-26,8,Sick
601,2025-07-10,8,Sick
602,2024-09-01,8,Jury Duty
602,2024-09-15,8,Jury Duty
603,2025-12-26,8,Sick
604,2025-05-22,8,Jury Duty
604,2025-06-05,8,Jury Duty
605,2024-07-25,8,Jury Duty
605,2024-07-26,8,Jury Duty
605,2024-07-27,8,Jury Duty
605,2024-08-08,8,Jury Duty
605,2025-03-31,8,Jury Duty
605,2025-04-14,8,Jury Duty
606,2024-06-20,8,Personal
606,2024-06-21,8,Personal
606,2024-06-22,8,Personal
606,2024-07-04,8,Jury Duty
606,2024-12-04,8,Jury Duty
606,2024-12-05,8,Jury Duty
606,2024-12-18,8,Jury Duty
607,2022-08-07,8,Sick
608,2024-06-17,8,Parental
608,2024-07-01,8,Parental
609,2024-12-10,8,Personal
609,2024-12-24,8,Parental
609,2025-04-28,8,Parental
609,2025-05-12,8,Parental
610,2024-05-15,8,Sick
610,2024-05-29,8,Sick
610,2025-07-13,8,Jury Duty
610,2025-07-14,8,Jury Duty
610,2025-07-27,8,Sick
611,2024-08-04,8,Personal
612,2021-12-01,8,Sick
613,2024-04-05,8,Vacation
613,2024-04-06,8,Vacation
613,2024-04-07,8,Vacation
613,2024-04-19,8,Vacation
613,2024-07-30,8,Parental
613,2024-08-13,8,Vacation
614,2024-03-30,8,Sick
614,2024-04-13,8,Sick
615,2024-10-13,8,Jury Duty
615,2024-10-14,8,Jury Duty
615,2024-10-15,8,Jury Duty
615,2024-10-16,8,Jury Duty
615,2024-10-17,8,Jury Duty
615,2024-10-27,8,Jury Duty
616,2025-02-19,8,Parental
616,2025-03-05,8,Parental
616,2025-03-30,8,Personal
616,2025-04-13,8,Parental
617,2021-03-15,8,Training
618,2025-03-11,8,Jury Duty
618,2025-03-12,8,Jury Duty
618,2025-03-13,8,Jury Duty
618,2025-03-19,8,Parental
618,2025-03-25,8,Jury Duty
618,2025-04-02,8,Jury Duty
619,2025-06-12,8,Vacation
619,2025-06-13,8,Vacation
619,2025-06-26,8,Jury Duty
619,2025-07-26,8,Jury Duty
619,2025-08-09,8,Jury Duty
620,2024-04-02,8,Parental
620,2024-04-16,8,Sick
620,2024-09-07,8,Sick
620,2024-09-21,8,Sick
621,2025-09-22,8,Sick
621,2025-10-06,8,Sick
621,2025-10-18,8,Jury Duty
621,2025-10-19,8,Jury Duty
621,2025-10-20,8,Jury Duty
621,2025-11-01,8,Sick
622,2025-06-14,8,Personal
622,2025-06-15,8,Personal
622,2025-06-28,8,Parental
622,2025-09-02,8,Parental
622,2025-09-16,8,Parental
623,2024-07-30,8,Vacation
623,2024-08-13,8,Jury Duty
623,2025-04-21,8,Jury Duty
623,2025-04-22,8,Jury Duty
623,2025-04-23,8,Jury Duty
623,2025-05-05,8,Jury Duty
624,2024-10-30,8,Parental
624,2024-10-31,8,Parental
624,2024-11-01,8,Parental
624,2024-11-13,8,Vacation
624,2025-07-04,8,Vacation
624,2025-07-18,8,Vacation
625,2024-08-06,8,Jury Duty
625,2024-08-07,8,Vacation
625,2024-08-08,8,Jury Duty
625,2024-08-20,8,Jury Duty
625,2024-08-21,8,Jury Duty
626,2024-06-30,8,Personal
627,2024-12-20,8,Sick
627,2024-12-21,8,Sick
627,2025-01-03,8,Sick
627,2025-09-19,8,Sick
627,2025-10-03,8,Sick
628,2025-10-26,8,Personal
629,2024-02-17,8,Training
630,2025-07-15,8,Vacation
631,2024-10-02,8,Jury Duty
631,2024-10-03,8,Jury Duty
631,2024-10-16,8,Jury Duty
632,2024-09-29,8,Jury Duty
632,2024-10-13,8,Sick
632,2025-03-15,8,Sick
632,2025-03-16,8,Sick
632,2025-03-29,8,Sick
633,2021-05-19,8,Personal
634,2021-12-02,8,Sick
635,2025-05-12,8,Vacation
635,2025-05-13,8,Vacation
635,2025-05-14,8,Vacation
635,2025-05-26,8,Vacation
636,2025-01-13,8,Jury Duty
636,2025-01-14,8,Jury Duty
636,2025-01-15,8,Jury Duty
636,2025-01-16,8,Jury Duty
636,2025-01-17,8,Jury Duty
636,2025-01-27,8,Jury Duty
636,2025-03-12,8,Jury Duty
636,2025-03-13,8,Jury Duty
636,2025-03-26,8,Jury Duty
637,2024-06-22,8,Sick
637,2024-06-23,8,Sick
637,2024-06-24,8,Sick
637,2024-06-25,8,Sick
637,2024-06-26,8,Sick
637,2024-11-10,8,Sick
637,2025-04-09,8,Parental
637,2025-04-10,8,Parental
637,2025-04-23,8,Sick
638,2020-11-28,8,Training
639,2024-05-10,8,Jury Duty
639,2024-05-11,8,Jury Duty
639,2024-05-12,8,Jury Duty
639,2024-05-24,8,Jury Duty
640,2025-03-02,8,Sick
640,2025-03-03,8,Sick
640,2025-03-16,8,Sick
640,2025-07-25,8,Vacation
640,2025-08-08,8,Sick
641,2022-07-19,8,Sick
642,2025-01-26,8,Vacation
642,2025-01-27,8,Vacation
642,2025-02-09,8,Vacation
642,2025-10-08,8,Parental
642,2025-10-22,8,Vacation
643,2024-08-15,8,Parental
643,2024-08-29,8,Parental
643,2025-07-14,8,Parental
643,2025-07-28,8,Parental
644,2025-02-05,8,Jury Duty
644,2025-02-19,8,Jury Duty
645,2022-06-13,8,Vacation
646,2024-06-16,8,Personal
646,2025-03-15,8,Personal
646,2025-04-17,8,Parental
646,2025-04-18,8,Parental
646,2025-05-01,8,Personal
647,2022-05-13,8,Vacation
648,2023-05-23,8,Training
649,2024-04-16,8,Personal
650,2023-08-22,8,Sick
651,2024-09-04,8,Vacation
652,2025-07-27,8,Jury Duty
652,2025-08-10,8,Jury Duty
652,2025-09-11,8,Parental
652,2025-09-25,8,Jury Duty
653,2025-07-14,8,Sick
654,2024-08-05,8,Parental
654,2024-08-19,8,Personal
654,2025-01-18,8,Personal
654,2025-01-19,8,Personal
654,2025-01-20,8,Personal
654,2025-01-21,8,Personal
654,2025-01-22,8,Personal
654,2025-02-01,8,Personal
655,2020-07-13,8,Personal
656,2021-08-25,8,Vacation
657,2022-07-27,8,Sick
658,2024-07-20,8,Sick
658,2024-07-21,8,Sick
658,2024-08-03,8,Sick
659,2024-05-08,8,Parental
659,2024-05-09,8,Parental
659,2024-05-10,8,Parental
659,2024-05-11,8,Parental
659,2024-05-12,8,Parental
659,2024-05-22,8,Parental
660,2024-10-24,8,Parental
660,2024-10-25,8,Parental
660,2024-10-26,8,Parental
660,2024-11-07,8,Parental
661,2024-12-03,8,Vacation
661,2024-12-17,8,Parental
661,2025-04-18,8,Parental
661,2025-05-02,8,Parental
662,2025-04-09,8,Sick
662,2025-04-23,8,Sick
663,2023-11-12,8,Vacation
664,2024-08-12,8,Vacation
664,2024-08-26,8,Vacation
664,2025-09-22,8,Personal
664,2025-10-06,8,Vacation
665,2023-04-30,8,Vacation
666,2024-05-15,8,Parental
666,2024-05-16,8,Parental
666,2024-05-17,8,Parental
666,2024-05-18,8,Parental
666,2024-05-19,8,Parental
666,2024-05-29,8,Vacation
666,2025-04-26,8,Vacation
666,2025-05-10,8,Vacation
667,2023-08-24,8,Training
668,2025-01-03,8,Jury Duty
668,2025-01-17,8,Jury Duty
669,2025-06-02,8,Sick
670,2025-04-26,8,Jury Duty
670,2025-05-10,8,Jury Duty
671,2025-10-04,8,Vacation
671,2025-10-18,8,Vacation
672,2024-04-28,8,Jury Duty
672,2024-04-29,8,Jury Duty
672,2024-04-30,8,Jury Duty
672,2024-05-12,8,Personal
672,2025-10-11,8,Personal
672,2025-10-12,8,Personal
672,2025-10-25,8,Personal
673,2022-08-02,8,Vacation
674,2025-03-25,8,Sick
674,2025-04-08,8,Sick
675,2024-07-02,8,Parental
675,2024-07-03,8,Parental
675,2024-07-16,8,Parental
675,2024-07-27,8,Personal
675,2024-07-28,8,Personal
675,2024-07-29,8,Personal
675,2024-08-10,8,Parental
676,2024-03-28,8,Personal
676,2024-03-29,8,Personal
676,2024-04-11,8,Sick
676,2025-09-22,8,Sick
676,2025-10-06,8,Sick
677,2023-05-20,8,Personal
678,2024-09-01,8,Sick
679,2024-05-10,8,Vacation
679,2024-05-11,8,Vacation
679,2024-05-24,8,Parental
679,2024-09-10,8,Parental
679,2024-09-11,8,Parental
679,2024-09-12,8,Parental
679,2024-09-24,8,Parental
680,2024-12-09,8,Parental
680,2024-12-10,8,Parental
680,2024-12-23,8,Parental
681,2025-01-12,8,Sick
681,2025-01-13,8,Sick
681,2025-01-14,8,Sick
681,2025-01-26,8,Sick
681,2025-07-22,8,Sick
681,2025-07-23,8,Sick
681,2025-08-05,8,Sick
682,2024-01-05,8,Vacation
683,2024-09-01,8,Parental
683,2024-09-02,8,Parental
683,2024-09-03,8,Parental
683,2024-09-15,8,Parental
683,2025-08-07,8,Sick
683,2025-08-08,8,Sick
683,2025-08-21,8,Parental
684,2024-10-10,8,Parental
684,2024-10-11,8,Parental
684,2024-10-24,8,Parental
685,2024-04-10,8,Parental
685,2024-04-24,8,Personal
685,2025-10-04,8,Personal
685,2025-10-05,8,Personal
685,2025-10-06,8,Personal
685,2025-10-18,8,Personal
686,2022-09-02,8,Sick
687,2025-12-03,8,Vacation
688,2025-04-10,8,Jury Duty
688,2025-04-24,8,Jury Duty
689,2021-07-27,8,Vacation
690,2021-07-26,8,Personal
691,2022-08-31,8,Personal
692,2025-03-26,8,Vacation
693,2025-12-05,8,Sick
694,2024-05-18,8,Sick
695,2024-08-29,8,Personal
695,2024-09-12,8,Jury Duty
695,2024-09-18,8,Jury Duty
695,2024-09-19,8,Jury Duty
695,2024-09-20,8,Jury Duty
695,2024-10-02,8,Jury Duty
696,2025-04-21,8,Personal
696,2025-05-05,8,Personal
696,2025-06-27,8,Sick
696,2025-07-11,8,Personal
697,2024-09-03,8,Sick
698,2024-09-19,8,Jury Duty
698,2024-09-27,8,Parental
698,2024-09-28,8,Parental
698,2024-10-03,8,Parental
698,2024-10-11,8,Parental
699,2023-01-10,8,Training
700,2023-04-08,8,Personal
701,2024-09-07,8,Personal
701,2024-09-21,8,Personal
702,2024-06-02,8,Jury Duty
702,2024-06-16,8,Vacation
702,2024-07-06,8,Vacation
702,2024-07-20,8,Vacation
703,2020-11-10,8,Personal
704,2024-04-03,8,Jury Duty
704,2024-04-04,8,Jury Duty
704,2024-04-05,8,Jury Duty
704,2024-04-17,8,Jury Duty
704,2025-03-11,8,Sick
704,2025-03-25,8,Jury Duty
705,2024-09-27,8,Sick
705,2024-10-11,8,Personal
705,2025-04-20,8,Personal
705,2025-04-21,8,Personal
705,2025-05-04,8,Personal
706,2023-02-11,8,Personal
707,2025-11-15,8,Personal
708,2022-05-10,8,Vacation
709,2024-12-04,8,Personal
709,2024-12-05,8,Personal
709,2025-01-31,8,Sick
709,2025-07-15,8,Sick
710,2024-05-11,8,Parental
710,2024-05-12,8,Parental
710,2024-05-13,8,Parental
710,2024-05-25,8,Vacation
710,2025-06-07,8,Vacation
710,2025-06-08,8,Vacation
710,2025-06-09,8,Vacation
710,2025-06-21,8,Vacation
711,2021-10-24,8,Vacation
712,2024-11-04,8,Personal
712,2024-11-18,8,Vacation
712,2025-03-06,8,Vacation
712,2025-03-20,8,Vacation
713,2024-10-13,8,Sick
713,2024-10-19,8,Parental
713,2024-10-20,8,Parental
713,2024-10-21,8,Parental
713,2024-10-27,8,Parental
713,2024-11-02,8,Parental
714,2025-01-19,8,Personal
714,2025-02-02,8,Sick
714,2025-05-29,8,Sick
714,2025-06-12,8,Sick
715,2022-09-09,8,Vacation
716,2024-12-05,8,Parental
716,2024-12-06,8,Parental
716,2024-12-19,8,Personal
716,2025-09-29,8,Personal
716,2025-10-13,8,Personal
717,2025-07-07,8,Jury Duty
717,2025-07-08,8,Jury Duty
717,2025-07-21,8,Jury Duty
718,2024-12-07,8,Vacation
718,2024-12-21,8,Vacation
719,2024-05-27,8,Parental
719,2024-06-10,8,Parental
719,2025-05-18,8,Parental
719,2025-05-19,8,Parental
719,2025-06-01,8,Parental
720,2023-03-26,8,Training
721,2024-09-30,8,Parental
721,2024-10-14,8,Jury Duty
721,2025-04-16,8,Jury Duty
721,2025-04-30,8,Jury Duty
722,2024-07-30,8,Personal
722,2025-02-14,8,Sick
722,2025-04-02,8,Sick
722,2025-04-03,8,Sick
722,2025-04-16,8,Sick
723,2025-09-17,8,Jury Duty
723,2025-09-18,8,Jury Duty
723,2025-10-01,8,Jury Duty
724,2024-04-09,8,Parental
724,2024-04-23,8,Parental
724,2024-04-28,8,Parental
724,2024-04-29,8,Parental
724,2024-05-12,8,Parental
725,2026-05-01,8,Personal
726,2025-06-29,8,Personal
727,2025-03-13,8,Jury Duty
727,2025-03-14,8,Jury Duty
727,2025-03-27,8,Jury Duty
728,2023-02-08,8,Vacation
729,2024-11-18,8,Vacation
729,2024-12-02,8,Vacation
730,2024-04-10,8,Vacation
730,2024-07-25,8,Vacation
730,2025-01-27,8,Personal
730,2025-01-28,8,Personal
730,2025-01-29,8,Personal
730,2025-02-10,8,Vacation
731,2024-09-28,8,Sick
731,2024-09-29,8,Sick
731,2024-09-30,8,Sick
731,2024-10-01,8,Sick
731,2024-10-02,8,Sick
731,2024-10-12,8,Sick
732,2020-11-07,8,Personal
733,2022-10-14,8,Personal
734,2025-09-06,8,Personal
734,2025-09-20,8,Personal
735,2024-12-20,8,Jury Duty
735,2025-01-03,8,Jury Duty
735,2025-07-22,8,Parental
735,2025-07-23,8,Parental
735,2025-08-05,8,Jury Duty
736,2024-08-19,8,Personal
736,2024-08-20,8,Personal
736,2024-09-02,8,Personal
737,2025-05-02,8,Jury Duty
737,2025-05-15,8,Jury Duty
737,2025-05-16,8,Jury Duty
737,2025-05-17,8,Jury Duty
737,2025-05-29,8,Jury Duty
738,2025-01-25,8,Sick
739,2025-06-19,8,Parental
739,2025-07-03,8,Parental
740,2025-12-08,8,Training
741,2024-07-21,8,Sick
741,2024-07-22,8,Sick
741,2024-07-23,8,Sick
741,2024-08-04,8,Sick
742,2025-06-17,8,Vacation
742,2025-07-01,8,Vacation
743,2025-01-13,8,Parental
743,2025-01-27,8,Parental
743,2025-07-07,8,Parental
743,2025-07-21,8,Parental
744,2021-12-15,8,Sick
745,2024-12-22,8,Personal
745,2025-04-07,8,Personal
745,2025-09-05,8,Sick
745,2025-09-19,8,Personal
746,2025-04-28,8,Jury Duty
746,2025-05-12,8,Jury Duty
747,2025-05-16,8,Training
748,2025-02-17,8,Vacation
748,2025-03-03,8,Vacation
749,2024-07-11,8,Parental
749,2024-07-25,8,Parental
750,2024-09-24,8,Personal
750,2024-10-08,8,Personal
750,2024-12-11,8,Jury Duty
750,2024-12-25,8,Personal
751,2023-07-25,8,Sick
752,2025-04-12,8,Personal
752,2025-04-26,8,Personal
753,2025-08-05,8,Vacation
753,2025-08-19,8,Vacation
754,2025-03-06,8,Parental
754,2025-03-20,8,Parental
754,2025-06-19,8,Vacation
754,2025-07-03,8,Parental
755,2024-04-16,8,Parental
755,2024-04-17,8,Parental
755,2024-04-18,8,Parental
755,2024-04-30,8,Parental
755,2024-06-26,8,Personal
755,2024-07-10,8,Parental
756,2024-06-22,8,Parental
756,2024-07-06,8,Parental
757,2022-11-01,8,Vacation
758,2024-05-07,8,Sick
758,2024-05-08,8,Sick
758,2024-05-21,8,Sick
758,2025-05-21,8,Parental
758,2025-05-22,8,Parental
758,2025-05-23,8,Parental
758,2025-05-24,8,Parental
758,2025-05-25,8,Parental
758,2025-06-04,8,Sick
759,2025-06-16,8,Sick
760,2025-07-03,8,Jury Duty
760,2025-07-17,8,Parental
760,2025-08-23,8,Parental
760,2025-09-06,8,Parental
761,2021-10-07,8,Personal
762,2025-02-01,8,Sick
762,2025-02-15,8,Sick
763,2024-06-09,8,Personal
763,2024-06-10,8,Personal
763,2024-06-23,8,Parental
763,2024-10-31,8,Parental
763,2024-11-14,8,Parental
764,2025-06-07,8,Jury Duty
764,2025-06-08,8,Jury Duty
764,2025-06-09,8,Jury Duty
764,2025-06-21,8,Jury Duty
765,2025-05-01,8,Personal
765,2025-05-15,8,Personal
766,2024-06-02,8,Parental
766,2024-06-03,8,Parental
766,2024-06-04,8,Parental
766,2024-06-16,8,Parental
766,2024-12-04,8,Sick
766,2024-12-18,8,Parental
767,2025-03-28,8,Sick
767,2025-03-29,8,Sick
767,2025-04-11,8,Personal
767,2025-07-30,8,Personal
767,2025-07-31,8,Personal
767,2025-08-13,8,Personal
768,2024-06-13,8,Sick
768,2024-06-27,8,Sick
769,2024-01-14,8,Sick
770,2024-12-02,8,Vacation
770,2024-12-03,8,Vacation
770,2024-12-04,8,Vacation
770,2024-12-05,8,Vacation
770,2024-12-06,8,Vacation
770,2024-12-16,8,Vacation
770,2025-05-17,8,Personal
770,2025-05-18,8,Personal
770,2025-05-31,8,Vacation
771,2024-06-13,8,Parental
771,2024-06-16,8,Parental
771,2024-06-27,8,Parental
771,2024-06-30,8,Parental
772,2024-08-14,8,Personal
772,2024-08-15,8,Personal
772,2025-02-15,8,Personal
772,2025-10-11,8,Parental
772,2025-10-12,8,Parental
772,2025-10-13,8,Parental
772,2025-10-25,8,Personal
773,2024-04-27,8,Parental
773,2024-04-28,8,Parental
773,2024-05-11,8,Personal
773,2024-11-18,8,Personal
773,2024-11-19,8,Personal
773,2024-12-02,8,Personal
774,2020-07-15,8,Training
775,2024-09-14,8,Vacation
775,2024-11-08,8,Vacation
775,2024-12-06,8,Personal
775,2024-12-20,8,Vacation
776,2024-05-18,8,Jury Duty
776,2024-05-19,8,Jury Duty
776,2024-06-01,8,Jury Duty
776,2025-03-27,8,Parental
776,2025-04-10,8,Jury Duty
777,2021-12-29,8,Vacation
778,2021-10-05,8,Sick
779,2024-03-28,8,Jury Duty
779,2024-04-11,8,Jury Duty
779,2024-11-17,8,Sick
779,2024-11-18,8,Sick
779,2024-11-19,8,Sick
779,2024-12-01,8,Jury Duty
780,2023-04-09,8,Personal
781,2020-10-08,8,Personal
782,2023-11-13,8,Personal
783,2024-05-06,8,Personal
783,2024-05-07,8,Personal
783,2024-05-20,8,Personal
783,2025-05-16,8,Jury Duty
783,2025-05-17,8,Jury Duty
783,2025-05-30,8,Personal
784,2024-06-05,8,Parental
784,2024-06-06,8,Parental
784,2024-06-07,8,Parental
784,2024-06-08,8,Parental
784,2024-06-09,8,Parental
784,2024-06-19,8,Parental
785,2024-09-10,8,Vacation
785,2024-09-24,8,Vacation
786,2024-07-11,8,Parental
786,2024-12-30,8,Parental
787,2024-09-09,8,Sick
787,2024-09-23,8,Sick
787,2025-02-19,8,Sick
787,2025-03-05,8,Sick
788,2024-04-19,8,Jury Duty
788,2024-04-20,8,Jury Duty
788,2024-05-03,8,Jury Duty
788,2024-12-25,8,Jury Duty
788,2025-01-08,8,Jury Duty
789,2024-08-21,8,Sick
789,2024-08-22,8,Sick
789,2024-08-23,8,Sick
789,2024-09-04,8,Sick
789,2024-09-13,8,Sick
789,2024-09-14,8,Sick
789,2024-09-15,8,Sick
789,2024-09-16,8,Sick
789,2024-09-17,8,Sick
789,2024-09-27,8,Sick
790,2024-07-24,8,Vacation
790,2024-07-25,8,Vacation
790,2024-07-26,8,Vacation
790,2024-08-07,8,Vacation
791,2025-02-02,8,Personal
791,2025-02-03,8,Personal
791,2025-02-04,8,Personal
791,2025-02-16,8,Personal
792,2024-10-31,8,Sick
792,2024-11-01,8,Sick
792,2025-01-20,8,Sick
793,2024-02-17,8,Personal
794,2024-03-29,8,Parental
794,2024-04-12,8,Parental
795,2024-05-17,8,Sick
795,2024-05-18,8,Sick
795,2024-05-19,8,Sick
795,2025-03-18,8,Sick
795,2025-05-31,8,Sick
796,2024-10-07,8,Sick
796,2024-10-08,8,Sick
796,2024-10-21,8,Vacation
796,2025-07-28,8,Vacation
796,2025-07-29,8,Vacation
796,2025-08-11,8,Vacation
797,2024-11-15,8,Jury Duty
797,2024-11-29,8,Jury Duty
797,2025-09-21,8,Parental
797,2025-09-22,8,Parental
797,2025-09-23,8,Parental
797,2025-10-05,8,Jury Duty
798,2024-06-10,8,Jury Duty
798,2024-06-11,8,Jury Duty
798,2024-06-12,8,Jury Duty
798,2024-06-24,8,Jury Duty
799,2024-07-05,8,Parental
799,2025-02-07,8,Parental
799,2025-03-21,8,Vacation
799,2025-03-22,8,Vacation
799,2025-03-23,8,Vacation
799,2025-04-04,8,Parental
800,2025-01-06,8,Personal
800,2025-05-18,8,Personal
800,2025-05-19,8,Personal
800,2025-05-20,8,Personal
800,2025-06-01,8,Personal
800,2025-06-04,8,Personal
801,2023-01-03,8,Sick
802,2025-07-02,8,Training
803,2024-08-18,8,Jury Duty
803,2024-08-19,8,Jury Duty
803,2024-09-01,8,Jury Duty
804,2025-06-17,8,Vacation
804,2025-06-18,8,Vacation
804,2025-06-19,8,Vacation
804,2025-07-01,8,Vacation
805,2025-06-18,8,Vacation
805,2025-07-02,8,Jury Duty
805,2025-07-17,8,Jury Duty
805,2025-07-31,8,Jury Duty
806,2022-08-27,8,Personal
807,2020-06-29,8,Training
808,2024-12-29,8,Sick
808,2025-01-12,8,Sick
809,2025-10-16,8,Training
810,2025-01-11,8,Sick
810,2025-01-25,8,Sick
810,2025-07-31,8,Sick
810,2025-08-01,8,Sick
810,2025-08-02,8,Sick
810,2025-08-03,8,Sick
810,2025-08-04,8,Sick
810,2025-08-14,8,Sick
811,2025-04-03,8,Jury Duty
811,2025-04-04,8,Jury Duty
811,2025-04-05,8,Jury Duty
811,2025-04-06,8,Jury Duty
811,2025-04-07,8,Jury Duty
811,2025-04-17,8,Parental
811,2025-05-05,8,Parental
811,2025-05-06,8,Parental
811,2025-05-19,8,Parental
812,2024-10-17,8,Sick
812,2024-10-18,8,Sick
812,2024-10-19,8,Sick
812,2024-10-31,8,Sick
812,2025-10-16,8,Vacation
812,2025-10-30,8,Sick
813,2025-06-15,8,Vacation
813,2025-06-16,8,Vacation
813,2025-06-29,8,Vacation
814,2022-06-16,8,Personal
815,2022-01-24,8,Training
816,2025-10-11,8,Jury Duty
816,2025-10-25,8,Jury Duty
817,2024-08-20,8,Personal
817,2024-09-03,8,Personal
818,2025-02-05,8,Personal
818,2025-02-19,8,Personal
818,2025-05-03,8,Sick
818,2025-05-17,8,Personal
819,2024-06-17,8,Personal
819,2024-06-18,8,Personal
819,2024-06-19,8,Personal
819,2024-07-01,8,Parental
819,2024-11-24,8,Parental
819,2024-12-08,8,Parental
820,2025-06-26,8,Personal
820,2025-06-27,8,Personal
820,2025-06-28,8,Personal
820,2025-06-29,8,Personal
820,2025-06-30,8,Personal
820,2025-07-10,8,Personal
821,2023-12-28,8,Vacation
822,2025-01-03,8,Personal
822,2025-01-04,8,Personal
822,2025-01-17,8,Personal
823,2024-08-30,8,Jury Duty
823,2024-08-31,8,Jury Duty
823,2024-09-13,8,Jury Duty
824,2021-10-23,8,Vacation
825,2023-02-22,8,Sick
826,2024-09-04,8,Personal
826,2024-09-05,8,Personal
826,2024-09-06,8,Personal
826,2025-05-01,8,Vacation
826,2025-08-25,8,Vacation
826,2025-08-26,8,Vacation
826,2025-08-27,8,Vacation
826,2025-08-28,8,Vacation
826,2025-08-29,8,Vacation
826,2025-09-08,8,Vacation
827,2024-08-22,8,Personal
827,2025-07-21,8,Sick
827,2025-09-23,8,Sick
827,2025-09-24,8,Sick
827,2025-10-07,8,Sick
828,2021-01-27,8,Training
829,2025-01-20,8,Training
830,2025-07-07,8,Parental
830,2025-07-21,8,Parental
831,2024-08-24,8,Vacation
831,2025-01-19,8,Vacation
831,2025-07-29,8,Parental
831,2025-07-30,8,Parental
831,2025-07-31,8,Parental
831,2025-08-12,8,Vacation
832,2025-01-20,8,Jury Duty
832,2025-01-21,8,Jury Duty
832,2025-01-22,8,Jury Duty
832,2025-02-03,8,Jury Duty
833,2025-04-26,8,Parental
833,2025-05-10,8,Parental
833,2025-05-11,8,Parental
833,2025-05-24,8,Parental
834,2024-08-15,8,Sick
834,2024-08-29,8,Jury Duty
834,2025-03-03,8,Jury Duty
834,2025-03-17,8,Jury Duty
835,2024-03-28,8,Personal
835,2024-04-11,8,Personal
836,2024-04-22,8,Sick
836,2024-04-23,8,Sick
836,2024-04-24,8,Sick
836,2024-05-06,8,Jury Duty
836,2025-03-02,8,Jury Duty
836,2025-03-16,8,Jury Duty
837,2022-11-04,8,Sick
838,2025-01-08,8,Vacation
838,2025-01-09,8,Vacation
838,2025-01-22,8,Vacation
839,2025-06-09,8,Parental
839,2025-06-23,8,Parental
840,2023-09-01,8,Sick
841,2022-10-08,8,Training
842,2025-05-12,8,Parental
842,2025-05-26,8,Parental
842,2025-07-12,8,Personal
842,2025-07-26,8,Parental
843,2023-03-22,8,Personal
844,2025-06-26,8,Sick
845,2025-08-04,8,Sick
845,2025-08-18,8,Sick
846,2024-04-15,8,Personal
846,2024-04-29,8,Personal
846,2025-01-26,8,Jury Duty
846,2025-02-09,8,Personal
847,2025-07-05,8,Vacation
847,2025-07-19,8,Personal
847,2025-09-26,8,Personal
847,2025-09-27,8,Personal
847,2025-10-10,8,Personal
848,2024-06-29,8,Parental
848,2024-06-30,8,Parental
848,2024-07-01,8,Parental
848,2025-04-01,8,Parental
848,2025-05-26,8,Parental
848,2025-06-09,8,Parental
849,2023-04-02,8,Sick
850,2024-05-08,8,Vacation
850,2024-05-09,8,Vacation
850,2024-05-22,8,Vacation
851,2024-07-24,8,Vacation
851,2024-12-06,8,Parental
851,2025-06-04,8,Parental
851,2025-06-18,8,Parental
852,2025-04-29,8,Personal
853,2020-12-14,8,Vacation
854,2024-07-25,8,Parental
854,2024-08-08,8,Parental
854,2024-08-29,8,Personal
854,2024-08-30,8,Personal
854,2024-09-12,8,Parental
855,2024-09-14,8,Parental
855,2024-09-15,8,Parental
855,2024-09-28,8,Parental
855,2024-11-06,8,Jury Duty
855,2024-11-20,8,Parental
856,2025-08-30,8,Jury Duty
856,2025-08-31,8,Jury Duty
856,2025-09-01,8,Jury Duty
856,2025-09-02,8,Jury Duty
856,2025-09-03,8,Jury Duty
856,2025-09-13,8,Jury Duty
857,2024-03-08,8,Personal
858,2024-07-28,8,Sick
858,2024-07-29,8,Sick
858,2024-07-30,8,Sick
858,2024-07-31,8,Sick
858,2024-08-01,8,Sick
858,2024-08-11,8,Sick
859,2024-08-10,8,Personal
859,2024-08-11,8,Personal
859,2024-08-12,8,Personal
859,2024-08-13,8,Personal
859,2024-08-14,8,Personal
859,2024-08-24,8,Personal
859,2025-08-21,8,Parental
859,2025-09-04,8,Personal
860,2025-05-29,8,Sick
860,2025-05-30,8,Sick
860,2025-06-12,8,Sick
861,2025-03-16,8,Sick
861,2025-03-30,8,Sick
862,2024-11-24,8,Jury Duty
862,2024-11-25,8,Jury Duty
862,2024-11-26,8,Jury Duty
862,2024-12-08,8,Parental
862,2025-04-17,8,Parental
862,2025-04-18,8,Parental
862,2025-04-19,8,Parental
862,2025-05-01,8,Parental
863,2025-11-19,8,Sick
864,2024-09-11,8,Sick
864,2024-09-25,8,Sick
865,2026-05-15,8,Training
866,2024-07-02,8,Jury Duty
866,2024-07-03,8,Jury Duty
866,2024-07-04,8,Jury Duty
866,2024-07-16,8,Jury Duty
867,2025-02-13,8,Vacation
867,2025-02-14,8,Vacation
867,2025-02-15,8,Vacation
867,2025-02-16,8,Vacation
867,2025-02-17,8,Vacation
867,2025-02-27,8,Sick
867,2025-09-05,8,Sick
867,2025-09-19,8,Sick
868,2024-11-21,8,Sick
868,2024-11-22,8,Sick
868,2024-11-23,8,Sick
868,2024-12-05,8,Sick
869,2024-11-12,8,Parental
869,2024-11-13,8,Parental
869,2024-11-14,8,Parental
869,2024-11-15,8,Parental
869,2024-11-16,8,Parental
869,2024-11-26,8,Vacation
869,2024-11-29,8,Vacation
870,2023-01-11,8,Sick
871,2025-07-10,8,Vacation
871,2025-07-24,8,Vacation
872,2025-05-03,8,Parental
872,2025-05-17,8,Parental
873,2020-12-11,8,Training
874,2024-10-28,8,Vacation
874,2024-11-11,8,Vacation
874,2025-06-28,8,Jury Duty
874,2025-06-29,8,Jury Duty
874,2025-06-30,8,Jury Duty
874,2025-07-12,8,Vacation
875,2023-07-04,8,Training
876,2020-12-09,8,Training
877,2026-01-19,8,Training
878,2024-09-02,8,Personal
878,2024-09-03,8,Personal
878,2024-09-16,8,Parental
878,2025-10-15,8,Parental
878,2025-10-29,8,Parental
879,2021-06-07,8,Sick
880,2025-06-19,8,Jury Duty
880,2025-07-03,8,Jury Duty
881,2025-06-08,8,Parental
881,2025-06-09,8,Parental
881,2025-06-22,8,Parental
881,2025-09-07,8,Parental
881,2025-09-08,8,Parental
881,2025-09-21,8,Parental
882,2024-04-12,8,Sick
883,2025-09-12,8,Personal
883,2025-09-26,8,Personal
884,2024-10-13,8,Jury Duty
884,2024-10-27,8,Jury Duty
884,2025-04-16,8,Sick
884,2025-04-30,8,Jury Duty
885,2024-06-09,8,Vacation
885,2024-06-23,8,Vacation
886,2025-09-17,8,Vacation
886,2025-10-01,8,Vacation
887,2025-01-08,8,Personal
887,2025-01-09,8,Personal
887,2025-01-10,8,Personal
887,2025-01-11,8,Personal
887,2025-01-12,8,Personal
887,2025-01-22,8,Personal
887,2025-03-08,8,Vacation
887,2025-03-22,8,Personal
888,2025-12-27,8,Training
889,2024-12-11,8,Personal
889,2024-12-12,8,Personal
889,2024-12-25,8,Personal
890,2025-04-16,8,Vacation
890,2025-04-17,8,Vacation
890,2025-04-30,8,Vacation
891,2024-06-07,8,Personal
891,2024-06-21,8,Personal
891,2025-06-03,8,Sick
891,2025-06-04,8,Sick
891,2025-06-17,8,Personal
892,2025-07-07,8,Vacation
893,2024-06-07,8,Personal
894,2024-09-21,8,Parental
894,2024-09-22,8,Parental
894,2024-09-23,8,Parental
894,2024-10-05,8,Vacation
894,2025-02-16,8,Vacation
894,2025-02-17,8,Vacation
894,2025-03-02,8,Vacation
895,2025-01-11,8,Vacation
895,2025-01-12,8,Vacation
895,2025-01-13,8,Vacation
895,2025-04-09,8,Vacation
896,2024-11-08,8,Sick
896,2024-11-22,8,Sick
897,2021-10-06,8,Sick
898,2026-02-21,8,Sick
899,2024-05-30,8,Parental
899,2024-05-31,8,Parental
899,2024-06-13,8,Vacation
899,2024-06-15,8,Vacation
899,2024-06-29,8,Vacation
900,2024-05-07,8,Parental
900,2024-05-21,8,Parental
900,2024-11-30,8,Sick
900,2024-12-14,8,Parental
901,2025-07-05,8,Sick
901,2025-07-06,8,Sick
901,2025-07-19,8,Sick
902,2024-04-17,8,Sick
902,2024-05-01,8,Sick
903,2022-04-07,8,Sick
904,2026-04-17,8,Personal
905,2022-05-28,8,Personal
906,2025-08-27,8,Jury Duty
906,2025-09-10,8,Jury Duty
907,2024-12-25,8,Personal
907,2025-01-08,8,Personal
908,2024-07-01,8,Jury Duty
908,2024-07-15,8,Parental
908,2024-10-11,8,Parental
908,2024-10-12,8,Parental
908,2024-10-25,8,Parental
909,2025-02-01,8,Vacation
910,2024-09-27,8,Personal
910,2024-10-11,8,Jury Duty
910,2025-04-21,8,Jury Duty
910,2025-04-22,8,Jury Duty
910,2025-05-05,8,Jury Duty
911,2020-09-25,8,Training
912,2024-12-19,8,Sick
912,2025-01-02,8,Sick
912,2025-01-22,8,Personal
912,2025-01-23,8,Personal
912,2025-01-24,8,Personal
912,2025-02-05,8,Sick
913,2021-08-16,8,Personal
914,2024-03-31,8,Training
915,2024-04-24,8,Jury Duty
915,2024-05-08,8,Jury Duty
916,2024-06-28,8,Training
917,2024-12-08,8,Personal
918,2024-07-10,8,Sick
918,2024-07-11,8,Sick
918,2024-07-24,8,Sick
918,2025-02-28,8,Sick
918,2025-03-01,8,Sick
918,2025-03-14,8,Sick
919,2025-02-20,8,Sick
919,2025-02-27,8,Jury Duty
919,2025-02-28,8,Jury Duty
919,2025-03-01,8,Jury Duty
919,2025-03-02,8,Jury Duty
919,2025-03-03,8,Jury Duty
919,2025-03-06,8,Sick
919,2025-03-13,8,Sick
920,2025-05-13,8,Personal
920,2025-05-14,8,Personal
920,2025-05-27,8,Personal
921,2023-07-15,8,Personal
922,2025-04-30,8,Parental
922,2025-05-14,8,Personal
922,2025-07-16,8,Personal
922,2025-07-17,8,Personal
922,2025-07-30,8,Personal
923,2024-05-17,8,Training
924,2025-12-16,8,Sick
925,2025-03-15,8,Jury Duty
925,2025-03-16,8,Jury Duty
925,2025-03-17,8,Jury Duty
925,2025-03-18,8,Jury Duty
925,2025-03-19,8,Jury Duty
925,2025-03-29,8,Jury Duty
926,2021-02-05,8,Personal
927,2025-01-18,8,Jury Duty
927,2025-01-19,8,Jury Duty
927,2025-02-01,8,Jury Duty
927,2025-05-06,8,Jury Duty
927,2025-05-20,8,Jury Duty
928,2024-05-02,8,Parental
928,2024-05-03,8,Parental
928,2024-05-16,8,Parental
928,2024-06-12,8,Parental
928,2024-06-26,8,Parental
929,2024-04-10,8,Jury Duty
929,2024-04-24,8,Jury Duty
929,2024-05-24,8,Vacation
929,2024-05-25,8,Vacation
929,2024-05-26,8,Vacation
929,2024-06-07,8,Jury Duty
930,2024-05-20,8,Jury Duty
930,2024-05-21,8,Jury Duty
930,2024-05-22,8,Jury Duty
930,2024-06-03,8,Parental
930,2025-02-18,8,Parental
930,2025-03-04,8,Parental
931,2025-03-04,8,Vacation
931,2025-03-18,8,Personal
931,2025-08-04,8,Personal
931,2025-08-18,8,Personal
932,2024-12-08,8,Parental
932,2024-12-09,8,Parental
932,2024-12-22,8,Sick
932,2025-05-13,8,Sick
932,2025-05-14,8,Sick
932,2025-05-27,8,Sick
933,2021-02-16,8,Personal
934,2024-08-22,8,Jury Duty
934,2024-08-23,8,Jury Duty
934,2024-09-05,8,Jury Duty
934,2025-02-23,8,Personal
934,2025-02-24,8,Personal
934,2025-02-25,8,Personal
934,2025-03-09,8,Jury Duty
935,2025-06-22,8,Vacation
935,2025-06-23,8,Vacation
935,2025-06-24,8,Vacation
935,2025-07-06,8,Vacation
935,2025-10-14,8,Jury Duty
935,2025-10-15,8,Jury Duty
935,2025-10-16,8,Jury Duty
935,2025-10-28,8,Vacation
936,2025-03-13,8,Personal
937,2021-05-03,8,Sick
938,2022-03-01,8,Training
939,2021-11-21,8,Training
940,2024-08-10,8,Vacation
941,2024-09-11,8,Personal
941,2024-09-25,8,Personal
942,2023-07-08,8,Sick
943,2023-02-26,8,Personal
944,2025-08-27,8,Sick
944,2025-08-28,8,Sick
944,2025-09-10,8,Sick
945,2024-05-26,8,Parental
945,2024-12-06,8,Jury Duty
945,2025-03-16,8,Jury Duty
945,2025-03-30,8,Jury Duty
946,2025-01-01,8,Vacation
946,2025-01-15,8,Vacation
947,2025-09-28,8,Jury Duty
947,2025-09-29,8,Jury Duty
947,2025-10-12,8,Jury Duty
948,2024-12-18,8,Parental
948,2024-12-19,8,Parental
948,2024-12-20,8,Parental
948,2025-01-01,8,Parental
949,2025-05-14,8,Parental
949,2025-05-15,8,Parental
949,2025-05-16,8,Parental
949,2025-05-28,8,Parental
949,2025-10-17,8,Sick
949,2025-10-18,8,Sick
949,2025-10-31,8,Parental
950,2023-11-15,8,Sick
951,2024-10-23,8,Vacation
951,2025-04-23,8,Vacation
951,2025-07-28,8,Jury Duty
951,2025-07-29,8,Jury Duty
951,2025-07-30,8,Jury Duty
951,2025-08-11,8,Vacation
952,2024-06-03,8,Parental
952,2024-06-04,8,Parental
952,2024-06-05,8,Parental
952,2024-06-06,8,Parental
952,2024-06-07,8,Parental
952,2024-06-17,8,Parental
952,2025-01-03,8,Vacation
952,2025-01-04,8,Vacation
952,2025-01-17,8,Parental
953,2023-02-24,8,Personal
954,2022-12-22,8,Vacation
955,2021-04-08,8,Sick
956,2024-12-12,8,Personal
956,2024-12-13,8,Personal
956,2024-12-26,8,Personal
957,2023-06-22,8,Training
958,2024-04-07,8,Vacation
958,2024-04-21,8,Vacation
958,2024-12-29,8,Jury Duty
958,2025-01-12,8,Vacation
959,2024-12-23,8,Parental
959,2024-12-24,8,Parental
959,2025-01-06,8,Vacation
959,2025-02-08,8,Vacation
959,2025-02-22,8,Vacation
960,2025-05-14,8,Training
961,2024-09-21,8,Sick
961,2024-09-22,8,Sick
961,2024-09-23,8,Sick
961,2025-01-12,8,Parental
961,2025-01-18,8,Parental
961,2025-01-19,8,Parental
961,2025-02-01,8,Parental
962,2024-12-14,8,Vacation
962,2024-12-28,8,Vacation
962,2025-09-02,8,Vacation
962,2025-09-03,8,Vacation
962,2025-09-16,8,Vacation
963,2021-05-31,8,Training
964,2024-05-01,8,Training
965,2024-07-19,8,Parental
965,2024-08-02,8,Vacation
965,2025-05-19,8,Vacation
965,2025-05-20,8,Vacation
965,2025-06-02,8,Vacation
966,2024-11-24,8,Vacation
966,2024-11-25,8,Vacation
966,2024-11-26,8,Vacation
966,2024-11-27,8,Vacation
966,2024-11-28,8,Vacation
966,2024-12-08,8,Vacation
967,2025-01-03,8,Training
968,2024-09-11,8,Personal
968,2024-09-25,8,Personal
969,2023-12-21,8,Training
970,2025-02-03,8,Vacation
970,2025-02-04,8,Vacation
970,2025-02-17,8,Vacation
971,2024-07-10,8,Personal
971,2024-07-24,8,Personal
972,2025-01-24,8,Parental
972,2025-01-25,8,Parental
972,2025-03-28,8,Parental
973,2025-08-02,8,Vacation
973,2025-08-03,8,Vacation
973,2025-08-16,8,Jury Duty
973,2025-08-25,8,Jury Duty
973,2025-08-26,8,Jury Duty
973,2025-09-08,8,Jury Duty
974,2023-12-03,8,Training
975,2026-01-19,8,Personal
976,2021-06-28,8,Personal
977,2025-07-28,8,Jury Duty
977,2025-08-11,8,Jury Duty
978,2025-03-01,8,Sick
979,2025-01-28,8,Sick
979,2025-01-29,8,Sick
979,2025-01-30,8,Sick
979,2025-02-11,8,Jury Duty
979,2025-07-16,8,Jury Duty
979,2025-07-30,8,Jury Duty
980,2022-06-22,8,Personal
981,2021-10-25,8,Training
982,2025-06-30,8,Personal
982,2025-07-14,8,Sick
982,2025-09-02,8,Sick
982,2025-09-16,8,Sick
983,2026-05-03,8,Sick
984,2025-04-24,8,Personal
985,2024-07-05,8,Parental
985,2024-07-06,8,Parental
985,2024-07-19,8,Sick
985,2025-09-02,8,Sick
985,2025-09-16,8,Sick
986,2026-01-21,8,Sick
987,2024-08-22,8,Sick
987,2024-09-05,8,Jury Duty
987,2025-07-23,8,Jury Duty
987,2025-08-06,8,Jury Duty
988,2026-07-13,8,Personal
989,2022-08-04,8,Sick
990,2022-10-16,8,Training
991,2024-09-24,8,Sick
991,2024-09-25,8,Sick
991,2024-10-08,8,Sick
991,2025-04-16,8,Sick
991,2025-04-17,8,Sick
991,2025-04-30,8,Sick
992,2024-05-27,8,Parental
992,2024-06-10,8,Vacation
992,2024-10-15,8,Vacation
992,2024-10-16,8,Vacation
992,2024-10-29,8,Vacation
993,2024-04-19,8,Parental
993,2024-04-20,8,Parental
993,2024-04-21,8,Parental
993,2024-05-03,8,Jury Duty
993,2024-12-11,8,Jury Duty
993,2024-12-25,8,Jury Duty
994,2025-09-08,8,Jury Duty
994,2025-09-09,8,Jury Duty
994,2025-09-10,8,Jury Duty
994,2025-09-22,8,Jury Duty
995,2025-06-09,8,Sick
995,2025-06-23,8,Sick
996,2024-09-05,8,Personal
997,2020-11-07,8,Training
998,2025-09-29,8,Training
999,2020-10-07,8,Vacation
1000,2025-01-08,8,Personal
1000,2025-01-09,8,Personal
1000,2025-01-22,8,Personal
1000,2025-09-13,8,Sick
1000,2025-09-27,8,Personal
