employee_id,manager_id,review_date,rating
1,1001,2025-09-02,7
1,1001,2026-03-02,4
2,1002,2022-12-15,6
2,1002,2023-12-15,7
2,1002,2024-12-15,9
2,1002,2025-06-15,8
3,1003,2021-12-15,9
3,1003,2022-12-15,9
3,1003,2023-12-15,9
3,1003,2024-12-15,7
3,1003,2025-07-18,5
4,1004,2022-12-15,9
4,1004,2023-12-15,8
4,1004,2024-12-15,9
4,1004,2025-07-21,10
5,1005,2020-12-15,6
5,1005,2021-12-15,9
5,1005,2022-12-15,7
5,1005,2023-12-15,6
5,1005,2024-12-15,7
5,1005,2025-09-01,3
6,1006,2020-12-15,7
6,1006,2021-12-15,6
6,1006,2022-12-15,7
6,1006,2023-12-15,7
6,1006,2024-12-15,9
6,1006,2025-09-28,7
7,1007,2022-12-15,8
7,1007,2023-12-15,7
7,1007,2024-12-15,7
7,1007,2025-06-15,8
8,1008,2025-03-17,4
8,1008,2025-09-17,5
9,1009,2024-07-26,8
9,1009,2025-02-21,8
10,1010,2021-12-15,7
10,1010,2022-12-15,9
10,1010,2023-12-15,8
10,1010,2024-12-15,6
10,1010,2025-07-23,6
11,1011,2022-12-15,9
11,1011,2023-12-15,9
11,1011,2024-07-26,5
11,1011,2025-12-15,8
12,1012,2023-12-15,8
12,1012,2024-06-15,8
12,1012,2025-12-15,9
13,1013,2025-03-30,2
13,1013,2025-12-15,6
14,1014,2022-12-15,9
14,1014,2023-12-15,8
14,1014,2024-08-06,1
14,1014,2025-12-15,6
15,1015,2023-12-15,8
15,1015,2024-08-15,10
15,1015,2025-12-15,6
16,1016,2021-12-15,7
16,1016,2022-12-15,8
16,1016,2023-12-15,8
16,1016,2024-11-05,9
16,1016,2025-10-15,6
17,1017,2024-05-18,1
17,1017,2024-11-18,9
17,1017,2025-05-18,10
18,1018,2021-12-15,8
18,1018,2022-12-15,8
18,1018,2023-12-15,7
18,1018,2024-12-15,8
18,1018,2025-07-15,3
19,1019,2025-01-25,4
19,1019,2025-07-25,7
20,1020,2020-12-15,7
20,1020,2021-12-15,7
20,1020,2022-12-15,7
20,1020,2023-12-15,7
20,1020,2024-08-31,9
20,1020,2025-12-15,6
21,1021,2020-12-15,9
21,1021,2021-12-15,6
21,1021,2022-12-15,8
21,1021,2023-12-15,6
21,1021,2024-09-02,5
21,1021,2025-12-15,6
22,1022,2020-12-15,8
22,1022,2021-12-15,8
22,1022,2022-12-15,8
22,1022,2023-12-15,6
22,1022,2024-12-14,3
22,1022,2025-12-15,6
23,1023,2025-05-15,5
23,1023,2025-12-15,8
24,1024,2025-04-22,9
25,1025,2023-12-15,9
25,1025,2024-12-15,9
25,1025,2025-09-30,2
26,1026,2022-12-15,7
26,1026,2023-12-15,8
26,1026,2024-12-15,7
26,1026,2025-06-15,9
27,1027,2023-12-15,9
27,1027,2024-11-04,2
27,1027,2025-12-15,7
28,1028,2022-12-15,8
28,1028,2023-12-15,8
28,1028,2024-06-15,10
28,1028,2025-12-15,8
29,1029,2022-12-15,6
29,1029,2023-12-15,7
29,1029,2024-12-15,9
29,1029,2025-06-28,9
30,1030,2021-12-15,9
30,1030,2022-12-15,9
30,1030,2023-12-15,6
30,1030,2024-09-19,5
30,1030,2025-03-19,2
31,1031,2023-12-15,6
31,1031,2024-12-15,8
31,1031,2025-06-15,7
32,1032,2023-12-15,9
32,1032,2024-12-15,6
32,1032,2025-09-21,8
33,1033,2023-12-15,8
33,1033,2024-06-15,3
33,1033,2025-12-15,9
34,1034,2023-12-15,7
34,1034,2024-07-03,1
34,1034,2025-12-15,8
35,1035,2025-09-07,4
35,1035,2026-03-07,6
36,1036,2021-12-15,6
36,1036,2022-12-15,8
36,1036,2023-12-15,8
36,1036,2024-06-15,2
36,1036,2025-12-15,6
37,1037,2025-12-14,8
38,1038,2021-12-15,7
38,1038,2022-12-15,9
38,1038,2023-12-15,7
38,1038,2024-12-15,8
38,1038,2025-09-01,2
39,1039,2021-12-15,7
39,1039,2022-12-15,6
39,1039,2023-12-15,8
39,1039,2024-07-24,6
39,1039,2025-04-22,6
40,1040,2023-12-15,9
40,1040,2024-07-08,10
40,1040,2025-08-18,4
41,1041,2025-06-28,6
42,1042,2023-12-15,6
42,1042,2024-12-15,6
42,1042,2025-06-15,2
43,1043,2023-12-15,9
43,1043,2024-06-15,10
43,1043,2025-12-15,9
44,1044,2024-08-27,10
44,1044,2025-12-15,7
45,1045,2024-12-15,8
45,1045,2025-07-26,4
46,1046,2023-12-15,9
46,1046,2024-12-15,9
46,1046,2025-06-15,8
47,1047,2022-12-15,8
47,1047,2023-12-15,9
47,1047,2024-12-09,7
47,1047,2025-06-09,9
48,1048,2020-12-15,9
48,1048,2021-12-15,7
48,1048,2022-12-15,6
48,1048,2023-12-15,6
48,1048,2024-12-15,6
48,1048,2025-08-28,8
49,1049,2022-12-15,6
49,1049,2023-12-15,9
49,1049,2024-12-25,5
49,1049,2025-12-15,8
50,1050,2023-12-15,8
50,1050,2024-12-06,2
50,1050,2025-12-15,7
51,1051,2024-08-19,10
51,1051,2025-12-15,7
52,1052,2020-12-15,9
52,1052,2021-12-15,8
52,1052,2022-12-15,8
52,1052,2023-12-15,6
52,1052,2024-09-13,9
52,1052,2025-12-15,9
53,1053,2022-12-15,9
53,1053,2023-12-15,6
53,1053,2024-11-11,1
53,1053,2025-12-15,9
54,1054,2022-12-15,9
54,1054,2023-12-15,7
54,1054,2024-12-15,8
54,1054,2025-09-11,9
55,1055,2020-12-15,9
55,1055,2021-12-15,7
55,1055,2022-12-15,8
55,1055,2023-12-15,6
55,1055,2024-12-15,7
55,1055,2025-08-11,7
56,1056,2021-12-15,7
56,1056,2022-12-15,8
56,1056,2023-12-15,6
56,1056,2024-11-30,8
56,1056,2025-12-15,7
57,1057,2020-12-15,9
57,1057,2021-12-15,9
57,1057,2022-12-15,9
57,1057,2023-12-15,6
57,1057,2024-08-14,1
57,1057,2025-12-15,7
58,1058,2022-12-15,9
58,1058,2023-12-15,6
58,1058,2024-06-15,8
58,1058,2025-12-15,9
59,1000,2024-12-15,8
59,1000,2025-06-15,8
60,1001,2020-12-15,7
60,1001,2021-12-15,7
60,1001,2022-12-15,6
60,1001,2023-12-15,6
60,1001,2024-08-19,8
60,1001,2025-10-17,1
61,1002,2023-12-15,7
61,1002,2024-12-15,9
61,1002,2025-06-15,3
62,1003,2022-12-15,9
62,1003,2023-12-15,8
62,1003,2024-12-15,9
62,1003,2025-06-15,3
63,1004,2024-12-15,6
63,1004,2025-06-15,1
64,1005,2025-09-17,5
64,1005,2026-03-17,6
65,1006,2025-03-21,10
66,1007,2023-12-15,9
66,1007,2024-12-15,6
66,1007,2025-06-15,7
67,1008,2024-04-15,10
67,1008,2025-10-18,9
68,1009,2021-12-15,7
68,1009,2022-12-15,7
68,1009,2023-12-15,9
68,1009,2024-12-21,9
68,1009,2025-12-15,7
69,1010,2022-12-15,7
69,1010,2023-12-15,8
69,1010,2024-09-20,2
69,1010,2025-09-29,8
70,1011,2025-10-15,1
70,1011,2026-04-15,8
71,1012,2024-11-02,7
71,1012,2025-06-10,7
72,1013,2024-11-30,8
72,1013,2025-05-30,5
73,1014,2023-12-15,7
73,1014,2024-07-14,8
73,1014,2025-07-01,3
74,1015,2021-12-15,9
74,1015,2022-12-15,8
74,1015,2023-12-15,6
74,1015,2024-06-15,6
74,1015,2025-08-21,3
75,1016,2024-10-08,3
75,1016,2025-06-14,1
76,1017,2022-12-15,6
76,1017,2023-12-15,6
76,1017,2024-12-15,9
76,1017,2025-10-14,5
77,1018,2022-12-15,7
77,1018,2023-12-15,6
77,1018,2024-12-15,9
77,1018,2025-10-18,3
78,1019,2021-06-29,8
78,1019,2021-12-29,7
78,1019,2022-12-15,8
78,1019,2023-12-15,9
78,1019,2024-12-31,1
78,1019,2025-10-19,5
79,1020,2021-12-15,6
79,1020,2022-12-15,6
79,1020,2023-12-15,9
79,1020,2024-12-15,7
79,1020,2025-06-15,10
80,1021,2020-12-15,6
80,1021,2021-12-15,7
80,1021,2022-12-15,9
80,1021,2023-12-15,8
80,1021,2024-12-21,7
80,1021,2025-10-04,9
81,1022,2025-05-06,10
81,1022,2025-12-15,9
82,1023,2022-12-15,7
82,1023,2023-12-15,7
82,1023,2024-12-15,9
82,1023,2025-06-15,10
83,1024,2022-12-15,9
83,1024,2023-12-15,6
83,1024,2024-12-21,7
83,1024,2025-09-03,3
84,1025,2023-12-15,7
84,1025,2024-06-15,1
84,1025,2025-12-15,9
85,1026,2020-12-15,9
85,1026,2021-12-15,7
85,1026,2022-12-15,9
85,1026,2023-12-15,6
85,1026,2024-12-15,7
85,1026,2025-06-15,4
86,1027,2024-12-15,6
86,1027,2025-06-15,5
87,1028,2022-12-15,6
87,1028,2023-12-15,6
87,1028,2024-12-15,6
87,1028,2025-06-15,7
88,1029,2024-08-21,7
88,1029,2025-12-15,7
89,1030,2020-12-15,6
89,1030,2021-12-15,6
89,1030,2022-12-15,9
89,1030,2023-12-15,7
89,1030,2024-06-15,4
89,1030,2025-12-15,7
90,1031,2025-02-15,7
90,1031,2025-08-15,8
91,1032,2023-12-15,7
91,1032,2024-11-03,6
91,1032,2025-12-15,7
92,1033,2022-12-15,8
92,1033,2023-12-15,7
92,1033,2024-06-15,2
92,1033,2025-06-11,10
93,1034,2024-10-29,9
93,1034,2025-12-15,7
94,1035,2022-12-15,7
94,1035,2023-12-15,7
94,1035,2024-12-15,8
94,1035,2025-06-15,6
95,1036,2021-12-15,7
95,1036,2022-12-15,7
95,1036,2023-12-15,8
95,1036,2024-12-15,9
95,1036,2025-07-28,10
96,1037,2024-12-15,6
96,1037,2025-06-15,7
97,1038,2024-12-15,9
97,1038,2025-06-15,9
98,1039,2023-12-15,8
98,1039,2024-12-15,6
98,1039,2025-08-03,1
99,1040,2022-12-15,8
99,1040,2023-12-15,8
99,1040,2024-07-04,1
99,1040,2025-12-15,7
100,1041,2021-12-15,6
100,1041,2022-12-15,7
100,1041,2023-12-15,6
100,1041,2024-06-15,9
100,1041,2025-06-26,9
101,1042,2025-06-05,4
102,1043,2025-11-29,9
103,1044,2025-09-22,3
103,1044,2026-03-22,8
104,1045,2025-06-18,8
104,1045,2025-12-18,8
105,1046,2023-12-15,9
105,1046,2024-12-15,6
105,1046,2025-06-15,9
106,1047,2020-12-15,7
106,1047,2021-12-15,9
106,1047,2022-12-15,9
106,1047,2023-12-15,9
106,1047,2024-12-15,7
106,1047,2025-06-15,5
107,1048,2021-12-15,9
107,1048,2022-12-15,7
107,1048,2023-12-15,9
107,1048,2024-06-15,1
107,1048,2025-12-15,7
108,1049,2025-08-31,3
109,1050,2021-12-15,8
109,1050,2022-12-15,8
109,1050,2023-12-15,8
109,1050,2024-09-21,8
109,1050,2025-12-15,8
110,1051,2024-12-31,6
110,1051,2025-12-15,8
111,1052,2020-12-15,9
111,1052,2021-12-15,9
111,1052,2022-12-15,9
111,1052,2023-12-15,7
111,1052,2024-10-22,8
111,1052,2025-04-22,9
112,1053,2021-06-25,7
112,1053,2021-12-25,7
112,1053,2022-12-15,7
112,1053,2023-12-15,8
112,1053,2024-12-15,8
112,1053,2025-10-17,4
113,1054,2020-12-15,8
113,1054,2021-12-15,6
113,1054,2022-12-15,9
113,1054,2023-12-15,7
113,1054,2024-12-15,7
113,1054,2025-06-15,1
114,1055,2021-12-15,8
114,1055,2022-12-15,7
114,1055,2023-12-15,7
114,1055,2024-12-15,9
114,1055,2025-07-01,10
115,1056,2021-12-15,8
115,1056,2022-12-15,9
115,1056,2023-12-15,6
115,1056,2024-07-25,4
115,1056,2025-12-15,6
116,1057,2020-12-15,6
116,1057,2021-12-15,8
116,1057,2022-12-15,7
116,1057,2023-12-15,8
116,1057,2024-12-15,8
116,1057,2025-06-15,7
117,1058,2021-12-15,7
117,1058,2022-12-15,9
117,1058,2023-12-15,6
117,1058,2024-12-15,9
117,1058,2025-06-15,2
118,1000,2021-12-15,6
118,1000,2022-12-15,8
118,1000,2023-12-15,6
118,1000,2024-12-24,1
118,1000,2025-12-15,8
119,1001,2024-12-29,8
119,1001,2025-12-15,9
120,1002,2025-06-15,1
120,1002,2025-12-15,8
121,1003,2025-05-17,1
121,1003,2025-12-15,9
122,1004,2024-10-20,2
122,1004,2025-07-04,2
123,1005,2021-12-15,7
123,1005,2022-12-15,7
123,1005,2023-12-15,7
123,1005,2024-12-15,8
123,1005,2025-06-15,6
124,1006,2022-12-15,7
124,1006,2023-12-15,6
124,1006,2024-11-26,7
124,1006,2025-12-15,9
125,1007,2024-12-15,9
125,1007,2025-06-15,5
126,1008,2022-12-15,6
126,1008,2023-12-15,8
126,1008,2024-12-15,8
126,1008,2025-10-05,1
127,1009,2023-12-15,9
127,1009,2024-12-24,1
127,1009,2025-12-15,7
128,1010,2020-12-15,8
128,1010,2021-12-15,8
128,1010,2022-12-15,6
128,1010,2023-12-15,6
128,1010,2024-12-23,2
128,1010,2025-12-15,7
129,1011,2022-12-15,8
129,1011,2023-12-15,8
129,1011,2024-08-06,10
129,1011,2025-12-15,6
130,1012,2021-12-15,8
130,1012,2022-12-15,9
130,1012,2023-12-15,6
130,1012,2024-06-15,6
130,1012,2025-12-15,7
131,1013,2020-12-15,6
131,1013,2021-12-15,8
131,1013,2022-12-15,7
131,1013,2023-12-15,6
131,1013,2024-12-15,9
131,1013,2025-06-15,7
132,1014,2025-10-08,4
133,1015,2021-12-15,9
133,1015,2022-12-15,6
133,1015,2023-12-15,9
133,1015,2024-12-15,9
133,1015,2025-10-09,8
134,1016,2025-11-10,1
135,1017,2025-04-16,6
135,1017,2025-10-16,8
136,1018,2020-12-15,9
136,1018,2021-12-15,7
136,1018,2022-12-15,9
136,1018,2023-12-15,9
136,1018,2024-06-15,5
136,1018,2025-10-16,4
137,1019,2020-12-15,9
137,1019,2021-12-15,7
137,1019,2022-12-15,6
137,1019,2023-12-15,8
137,1019,2024-12-15,9
137,1019,2025-06-15,2
138,1020,2023-12-15,6
138,1020,2024-12-15,9
138,1020,2025-06-23,6
139,1021,2021-12-15,7
139,1021,2022-12-15,6
139,1021,2023-12-15,7
139,1021,2024-06-15,9
139,1021,2025-08-15,1
140,1022,2022-12-15,9
140,1022,2023-12-15,9
140,1022,2024-08-18,3
140,1022,2025-12-15,7
141,1023,2020-12-15,8
141,1023,2021-12-15,7
141,1023,2022-12-15,9
141,1023,2023-12-15,7
141,1023,2024-12-15,8
141,1023,2025-06-15,4
142,1024,2022-12-15,7
142,1024,2023-12-15,8
142,1024,2024-12-15,8
142,1024,2025-08-08,4
143,1025,2021-12-15,7
143,1025,2022-12-15,7
143,1025,2023-12-15,6
143,1025,2024-12-15,9
143,1025,2025-06-15,3
144,1026,2025-04-26,3
144,1026,2025-10-26,10
145,1027,2023-12-15,8
145,1027,2024-12-15,6
145,1027,2025-07-07,3
146,1028,2020-12-15,7
146,1028,2021-12-15,9
146,1028,2022-12-15,6
146,1028,2023-12-15,8
146,1028,2024-11-23,7
146,1028,2025-12-15,6
147,1029,2020-12-15,8
147,1029,2021-12-15,7
147,1029,2022-12-15,9
147,1029,2023-12-15,9
147,1029,2024-12-15,9
147,1029,2025-09-20,9
148,1030,2023-12-15,7
148,1030,2024-12-15,8
148,1030,2025-07-10,1
149,1031,2021-12-15,8
149,1031,2022-12-15,7
149,1031,2023-12-15,9
149,1031,2024-11-17,2
149,1031,2025-07-05,7
150,1032,2025-03-13,8
150,1032,2025-09-13,1
151,1033,2025-09-10,9
152,1034,2020-12-15,7
152,1034,2021-12-15,7
152,1034,2022-12-15,7
152,1034,2023-12-15,8
152,1034,2024-08-30,2
152,1034,2025-02-28,9
153,1035,2022-12-15,6
153,1035,2023-12-15,6
153,1035,2024-12-13,10
153,1035,2025-06-13,7
154,1036,2020-12-15,7
154,1036,2021-12-15,6
154,1036,2022-12-15,6
154,1036,2023-12-15,7
154,1036,2024-12-15,7
154,1036,2025-10-08,3
155,1037,2023-12-15,9
155,1037,2024-12-15,6
155,1037,2025-06-15,10
156,1038,2024-12-15,8
156,1038,2025-06-15,9
157,1039,2020-12-15,7
157,1039,2021-12-15,9
157,1039,2022-12-15,8
157,1039,2023-12-15,6
157,1039,2024-12-15,9
157,1039,2025-08-15,4
158,1040,2023-12-15,7
158,1040,2024-12-24,1
158,1040,2025-12-15,8
159,1041,2024-12-15,7
159,1041,2025-06-15,5
160,1042,2021-12-15,6
160,1042,2022-12-15,8
160,1042,2023-12-15,6
160,1042,2024-07-23,7
160,1042,2025-08-08,5
161,1043,2024-12-15,6
161,1043,2025-08-16,9
162,1044,2021-12-15,9
162,1044,2022-12-15,7
162,1044,2023-12-15,8
162,1044,2024-08-23,3
162,1044,2025-07-02,9
163,1045,2025-05-26,3
164,1046,2021-12-15,6
164,1046,2022-12-15,6
164,1046,2023-12-15,8
164,1046,2024-06-22,4
164,1046,2025-02-01,8
165,1047,2020-12-15,6
165,1047,2021-12-15,9
165,1047,2022-12-15,9
165,1047,2023-12-15,9
165,1047,2024-12-15,9
165,1047,2025-06-15,6
166,1048,2021-12-15,6
166,1048,2022-12-15,8
166,1048,2023-12-15,8
166,1048,2024-12-06,8
166,1048,2025-12-15,8
167,1049,2020-12-15,8
167,1049,2021-12-15,7
167,1049,2022-12-15,8
167,1049,2023-12-15,7
167,1049,2024-12-15,7
167,1049,2025-06-15,1
168,1050,2024-04-20,8
168,1050,2025-12-15,9
169,1051,2021-12-15,7
169,1051,2022-12-15,6
169,1051,2023-12-15,7
169,1051,2024-09-10,4
169,1051,2025-12-15,9
170,1052,2020-12-15,7
170,1052,2021-12-15,6
170,1052,2022-12-15,6
170,1052,2023-12-15,6
170,1052,2024-12-14,8
170,1052,2025-06-14,1
171,1053,2020-12-15,9
171,1053,2021-12-15,9
171,1053,2022-12-15,8
171,1053,2023-12-15,9
171,1053,2024-06-15,6
171,1053,2025-09-20,4
172,1054,2025-02-06,8
173,1055,2021-12-15,6
173,1055,2022-12-15,6
173,1055,2023-12-15,9
173,1055,2024-09-11,3
173,1055,2025-12-15,7
174,1056,2024-04-23,9
174,1056,2025-07-12,3
175,1057,2023-12-15,9
175,1057,2024-12-15,9
175,1057,2025-07-19,2
176,1058,2023-12-15,6
176,1058,2024-11-22,2
176,1058,2025-08-06,2
177,1000,2020-12-15,8
177,1000,2021-12-15,6
177,1000,2022-12-15,8
177,1000,2023-12-15,6
177,1000,2024-12-15,9
177,1000,2025-06-15,6
178,1001,2023-12-15,6
178,1001,2024-08-06,3
178,1001,2025-06-16,9
179,1002,2022-12-15,6
179,1002,2023-12-15,6
179,1002,2024-06-15,4
179,1002,2025-09-29,1
180,1003,2023-12-15,9
180,1003,2024-10-12,4
180,1003,2025-04-12,1
181,1004,2024-12-15,9
181,1004,2025-09-14,5
182,1005,2023-12-15,9
182,1005,2024-06-15,8
182,1005,2025-01-04,8
183,1006,2024-09-13,7
183,1006,2025-12-15,9
184,1007,2024-10-21,3
184,1007,2025-12-15,8
185,1008,2023-12-15,8
185,1008,2024-12-15,7
185,1008,2025-09-09,1
186,1009,2025-09-02,1
187,1010,2023-12-15,9
187,1010,2024-08-07,3
187,1010,2025-12-15,8
188,1011,2021-12-15,6
188,1011,2022-12-15,9
188,1011,2023-12-15,7
188,1011,2024-12-15,7
188,1011,2025-06-15,6
189,1012,2024-12-22,7
189,1012,2025-12-15,7
190,1013,2022-12-15,6
190,1013,2023-12-15,8
190,1013,2024-07-02,6
190,1013,2025-07-01,6
191,1014,2023-12-15,6
191,1014,2024-06-15,3
191,1014,2025-12-15,9
192,1015,2024-12-15,7
192,1015,2025-10-14,6
193,1016,2024-11-03,2
193,1016,2025-12-15,6
194,1017,2025-08-08,1
194,1017,2026-02-08,6
195,1018,2025-06-19,8
195,1018,2025-12-19,5
196,1019,2021-12-15,8
196,1019,2022-12-15,7
196,1019,2023-12-15,6
196,1019,2024-12-15,6
196,1019,2025-06-15,4
197,1020,2022-12-15,8
197,1020,2023-12-15,6
197,1020,2024-11-05,3
197,1020,2025-12-15,6
198,1021,2020-12-15,6
198,1021,2021-12-15,8
198,1021,2022-12-15,7
198,1021,2023-12-15,9
198,1021,2024-07-26,1
198,1021,2025-12-15,7
199,1022,2022-12-15,9
199,1022,2023-12-15,6
199,1022,2024-12-15,7
199,1022,2025-06-15,1
200,1023,2020-12-15,9
200,1023,2021-12-15,8
200,1023,2022-12-15,8
200,1023,2023-12-15,7
200,1023,2024-06-15,5
200,1023,2025-12-15,7
201,1024,2020-12-15,6
201,1024,2021-12-15,7
201,1024,2022-12-15,6
201,1024,2023-12-15,6
201,1024,2024-12-15,8
201,1024,2025-09-22,6
202,1025,2022-12-15,8
202,1025,2023-12-15,9
202,1025,2024-08-21,3
202,1025,2025-02-21,9
203,1026,2021-12-15,8
203,1026,2022-12-15,8
203,1026,2023-12-15,7
203,1026,2024-12-15,8
203,1026,2025-06-15,5
204,1027,2020-12-15,9
204,1027,2021-12-15,7
204,1027,2022-12-15,9
204,1027,2023-12-15,8
204,1027,2024-12-15,9
204,1027,2025-06-15,8
205,1028,2021-12-15,7
205,1028,2022-12-15,6
205,1028,2023-12-15,9
205,1028,2024-07-23,5
205,1028,2025-03-19,1
206,1029,2022-12-15,9
206,1029,2023-12-15,7
206,1029,2024-06-15,3
206,1029,2025-12-15,7
207,1030,2020-12-15,9
207,1030,2021-12-15,8
207,1030,2022-12-15,9
207,1030,2023-12-15,7
207,1030,2024-10-07,1
207,1030,2025-04-07,4
208,1031,2020-12-15,6
208,1031,2021-12-15,6
208,1031,2022-12-15,8
208,1031,2023-12-15,9
208,1031,2024-12-15,6
208,1031,2025-06-15,5
209,1032,2021-12-15,9
209,1032,2022-12-15,7
209,1032,2023-12-15,6
209,1032,2024-11-15,1
209,1032,2025-09-11,7
210,1033,2024-12-15,8
210,1033,2025-06-15,3
211,1034,2021-12-15,7
211,1034,2022-12-15,8
211,1034,2023-12-15,7
211,1034,2024-12-15,6
211,1034,2025-06-15,2
212,1035,2021-12-15,8
212,1035,2022-12-15,8
212,1035,2023-12-15,7
212,1035,2024-09-08,10
212,1035,2025-07-07,9
213,1036,2021-12-15,8
213,1036,2022-12-15,7
213,1036,2023-12-15,7
213,1036,2024-12-05,10
213,1036,2025-12-15,7
214,1037,2025-03-07,3
214,1037,2025-12-15,7
215,1038,2021-12-15,6
215,1038,2022-12-15,7
215,1038,2023-12-15,9
215,1038,2024-12-15,8
215,1038,2025-06-15,2
216,1039,2022-12-15,9
216,1039,2023-12-15,6
216,1039,2024-08-26,6
216,1039,2025-09-23,7
217,1040,2020-12-15,9
217,1040,2021-12-15,8
217,1040,2022-12-15,9
217,1040,2023-12-15,6
217,1040,2024-06-15,2
217,1040,2025-12-15,7
218,1041,2020-12-15,9
218,1041,2021-12-15,6
218,1041,2022-12-15,6
218,1041,2023-12-15,8
218,1041,2024-09-14,10
218,1041,2025-12-15,8
219,1042,2023-12-15,9
219,1042,2024-12-15,7
219,1042,2025-10-05,10
220,1043,2020-12-15,6
220,1043,2021-12-15,9
220,1043,2022-12-15,6
220,1043,2023-12-15,6
220,1043,2024-06-15,1
220,1043,2025-07-26,8
221,1044,2025-06-19,1
221,1044,2025-12-19,9
222,1045,2020-12-15,7
222,1045,2021-12-15,7
222,1045,2022-12-15,9
222,1045,2023-12-15,7
222,1045,2024-12-15,7
222,1045,2025-09-25,7
223,1046,2021-12-15,9
223,1046,2022-12-15,7
223,1046,2023-12-15,8
223,1046,2024-07-24,10
223,1046,2025-12-15,6
224,1047,2023-12-15,6
224,1047,2024-12-15,6
224,1047,2025-06-15,7
225,1048,2023-12-15,6
225,1048,2024-09-02,3
225,1048,2025-12-15,9
226,1049,2022-12-15,6
226,1049,2023-12-15,6
226,1049,2024-12-15,6
226,1049,2025-07-06,2
227,1050,2020-12-15,6
227,1050,2021-12-15,8
227,1050,2022-12-15,6
227,1050,2023-12-15,8
227,1050,2024-10-13,8
227,1050,2025-12-15,9
228,1051,2023-12-15,7
228,1051,2024-09-07,10
228,1051,2025-12-15,6
229,1052,2024-07-29,9
229,1052,2025-09-28,4
230,1053,2020-12-15,7
230,1053,2021-12-15,7
230,1053,2022-12-15,9
230,1053,2023-12-15,7
230,1053,2024-06-15,1
230,1053,2025-05-19,4
231,1054,2022-12-15,8
231,1054,2023-12-15,7
231,1054,2024-07-08,8
231,1054,2025-02-25,3
232,1055,2020-12-15,7
232,1055,2021-12-15,7
232,1055,2022-12-15,6
232,1055,2023-12-15,6
232,1055,2024-10-04,7
232,1055,2025-12-15,8
233,1056,2024-06-29,8
233,1056,2024-12-29,2
233,1056,2025-06-29,2
234,1057,2025-04-30,7
234,1057,2025-12-15,6
235,1058,2021-12-15,8
235,1058,2022-12-15,6
235,1058,2023-12-15,9
235,1058,2024-07-24,6
235,1058,2025-12-15,7
236,1000,2021-12-15,7
236,1000,2022-12-15,8
236,1000,2023-12-15,6
236,1000,2024-12-15,6
236,1000,2025-06-15,10
237,1001,2025-01-26,6
237,1001,2025-12-15,8
238,1002,2020-12-15,6
238,1002,2021-12-15,9
238,1002,2022-12-15,7
238,1002,2023-12-15,8
238,1002,2024-12-05,10
238,1002,2025-07-04,10
239,1003,2022-12-15,8
239,1003,2023-12-15,6
239,1003,2024-08-24,6
239,1003,2025-12-15,8
240,1004,2022-12-15,9
240,1004,2023-12-15,6
240,1004,2024-06-15,1
240,1004,2025-12-15,6
241,1005,2025-05-08,4
241,1005,2025-12-15,6
242,1006,2025-04-27,6
242,1006,2025-10-27,10
243,1007,2024-12-31,6
243,1007,2025-08-24,5
244,1008,2022-12-15,6
244,1008,2023-12-15,9
244,1008,2024-12-04,1
244,1008,2025-12-15,6
245,1009,2025-03-08,8
245,1009,2025-09-08,5
246,1010,2023-12-15,8
246,1010,2024-12-15,9
246,1010,2025-06-15,5
247,1011,2024-12-08,4
247,1011,2025-12-15,7
248,1012,2021-12-15,7
248,1012,2022-12-15,8
248,1012,2023-12-15,8
248,1012,2024-12-15,9
248,1012,2025-08-14,6
249,1013,2024-12-15,7
249,1013,2025-06-15,4
250,1014,2022-12-15,7
250,1014,2023-12-15,7
250,1014,2024-12-15,7
250,1014,2025-08-11,3
251,1015,2023-12-15,7
251,1015,2024-06-15,8
251,1015,2025-09-27,4
252,1016,2020-12-15,6
252,1016,2021-12-15,8
252,1016,2022-12-15,6
252,1016,2023-12-15,7
252,1016,2024-12-16,10
252,1016,2025-09-05,2
253,1017,2020-12-15,9
253,1017,2021-12-15,9
253,1017,2022-12-15,7
253,1017,2023-12-15,7
253,1017,2024-10-22,3
253,1017,2025-08-18,1
254,1018,2024-12-15,9
254,1018,2025-06-16,8
255,1019,2024-12-15,6
255,1019,2025-06-15,10
256,1020,2023-12-15,6
256,1020,2024-12-15,7
256,1020,2025-06-24,7
257,1021,2021-12-15,6
257,1021,2022-12-15,9
257,1021,2023-12-15,6
257,1021,2024-12-15,7
257,1021,2025-10-04,10
258,1022,2020-12-15,9
258,1022,2021-12-15,6
258,1022,2022-12-15,8
258,1022,2023-12-15,9
258,1022,2024-08-16,10
258,1022,2025-05-14,5
259,1023,2023-12-15,9
259,1023,2024-06-15,5
259,1023,2025-03-28,7
260,1024,2021-12-15,8
260,1024,2022-12-15,8
260,1024,2023-12-15,9
260,1024,2024-08-03,9
260,1024,2025-08-10,5
261,1025,2025-06-25,10
261,1025,2025-12-25,8
262,1026,2022-12-15,7
262,1026,2023-12-15,7
262,1026,2024-11-23,10
262,1026,2025-05-23,1
263,1027,2021-12-15,7
263,1027,2022-12-15,9
263,1027,2023-12-15,8
263,1027,2024-10-07,2
263,1027,2025-12-15,8
264,1028,2023-12-15,6
264,1028,2024-06-19,9
264,1028,2025-02-10,8
265,1029,2022-12-15,6
265,1029,2023-12-15,8
265,1029,2024-12-15,8
265,1029,2025-09-05,5
266,1030,2024-12-15,8
266,1030,2025-06-19,7
267,1031,2024-07-14,6
267,1031,2025-09-22,5
268,1032,2025-11-12,3
268,1032,2026-05-12,7
269,1033,2020-12-15,9
269,1033,2021-12-15,8
269,1033,2022-12-15,6
269,1033,2023-12-15,9
269,1033,2024-06-15,3
269,1033,2025-09-04,10
270,1034,2025-11-02,6
270,1034,2026-05-02,5
271,1035,2023-12-15,8
271,1035,2024-07-31,5
271,1035,2025-12-15,6
272,1036,2021-12-15,9
272,1036,2022-12-15,8
272,1036,2023-12-15,8
272,1036,2024-09-02,4
272,1036,2025-12-15,8
273,1037,2024-12-15,9
273,1037,2025-06-15,5
274,1038,2024-12-15,6
274,1038,2025-09-24,10
275,1039,2023-12-15,6
275,1039,2024-12-15,7
275,1039,2025-09-22,7
276,1040,2020-12-15,8
276,1040,2021-12-15,7
276,1040,2022-12-15,7
276,1040,2023-12-15,6
276,1040,2024-06-15,4
276,1040,2025-12-15,9
277,1041,2021-12-15,9
277,1041,2022-12-15,6
277,1041,2023-12-15,9
277,1041,2024-06-15,1
277,1041,2025-07-16,5
278,1042,2025-05-25,7
278,1042,2025-12-15,7
279,1043,2022-12-15,8
279,1043,2023-12-15,6
279,1043,2024-08-13,6
279,1043,2025-07-19,10
280,1044,2025-08-24,4
280,1044,2026-02-24,5
281,1045,2021-12-15,8
281,1045,2022-12-15,9
281,1045,2023-12-15,8
281,1045,2024-06-15,2
281,1045,2025-12-15,9
282,1046,2022-12-15,9
282,1046,2023-12-15,7
282,1046,2024-12-15,9
282,1046,2025-06-15,4
283,1047,2023-12-15,7
283,1047,2024-06-15,10
283,1047,2025-12-15,7
284,1048,2022-12-15,7
284,1048,2023-12-15,6
284,1048,2024-12-15,6
284,1048,2025-07-30,3
285,1049,2022-12-15,9
285,1049,2023-12-15,7
285,1049,2024-09-28,10
285,1049,2025-04-19,1
286,1050,2022-12-15,6
286,1050,2023-12-15,7
286,1050,2024-11-12,5
286,1050,2025-05-28,8
287,1051,2022-12-15,8
287,1051,2023-12-15,8
287,1051,2024-12-11,4
287,1051,2025-09-23,8
288,1052,2021-12-15,8
288,1052,2022-12-15,9
288,1052,2023-12-15,7
288,1052,2024-06-19,7
288,1052,2025-12-15,8
289,1053,2022-12-15,6
289,1053,2023-12-15,8
289,1053,2024-12-15,8
289,1053,2025-06-15,2
290,1054,2021-12-15,8
290,1054,2022-12-15,9
290,1054,2023-12-15,6
290,1054,2024-11-07,1
290,1054,2025-05-07,4
291,1055,2024-12-15,7
291,1055,2025-06-15,8
292,1056,2022-12-15,6
292,1056,2023-12-15,7
292,1056,2024-12-15,9
292,1056,2025-06-15,2
293,1057,2021-12-15,9
293,1057,2022-12-15,9
293,1057,2023-12-15,9
293,1057,2024-12-15,7
293,1057,2025-08-04,1
294,1058,2021-12-15,8
294,1058,2022-12-15,7
294,1058,2023-12-15,6
294,1058,2024-06-15,3
294,1058,2025-03-06,1
295,1000,2022-12-15,9
295,1000,2023-12-15,9
295,1000,2024-12-15,6
295,1000,2025-06-15,5
296,1001,2023-12-15,7
296,1001,2024-07-30,3
296,1001,2025-12-15,8
297,1002,2021-12-15,8
297,1002,2022-12-15,6
297,1002,2023-12-15,8
297,1002,2024-10-23,8
297,1002,2025-04-23,1
298,1003,2023-12-15,7
298,1003,2024-12-15,7
298,1003,2025-08-16,10
299,1004,2022-12-15,6
299,1004,2023-12-15,7
299,1004,2024-09-10,2
299,1004,2025-12-15,9
300,1005,2024-12-15,6
300,1005,2025-06-15,3
301,1006,2020-12-15,7
301,1006,2021-12-15,6
301,1006,2022-12-15,8
301,1006,2023-12-15,7
301,1006,2024-06-15,3
301,1006,2025-07-03,2
302,1007,2023-12-15,9
302,1007,2024-06-15,7
302,1007,2025-12-15,7
303,1008,2023-12-15,6
303,1008,2024-06-15,1
303,1008,2025-05-24,10
304,1009,2021-12-15,6
304,1009,2022-12-15,7
304,1009,2023-12-15,9
304,1009,2024-09-08,8
304,1009,2025-12-15,9
305,1010,2022-12-15,9
305,1010,2023-12-15,6
305,1010,2024-12-15,7
305,1010,2025-07-08,10
306,1011,2021-12-15,8
306,1011,2022-12-15,6
306,1011,2023-12-15,9
306,1011,2024-12-15,7
306,1011,2025-06-15,2
307,1012,2025-08-28,3
307,1012,2026-02-28,9
308,1013,2020-12-15,9
308,1013,2021-12-15,8
308,1013,2022-12-15,9
308,1013,2023-12-15,9
308,1013,2024-12-15,8
308,1013,2025-07-28,7
309,1014,2024-06-30,7
309,1014,2024-12-30,4
309,1014,2025-12-15,6
310,1015,2025-09-18,5
311,1016,2020-12-15,7
311,1016,2021-12-15,8
311,1016,2022-12-15,9
311,1016,2023-12-15,7
311,1016,2024-06-15,2
311,1016,2025-12-15,6
312,1017,2025-02-27,8
312,1017,2025-08-27,4
313,1018,2021-12-15,8
313,1018,2022-12-15,7
313,1018,2023-12-15,6
313,1018,2024-09-10,5
313,1018,2025-12-15,8
314,1019,2023-12-15,6
314,1019,2024-11-10,9
314,1019,2025-12-15,8
315,1020,2021-12-15,9
315,1020,2022-12-15,7
315,1020,2023-12-15,6
315,1020,2024-12-15,8
315,1020,2025-07-11,4
316,1021,2020-12-15,6
316,1021,2021-12-15,6
316,1021,2022-12-15,7
316,1021,2023-12-15,9
316,1021,2024-12-15,6
316,1021,2025-06-15,10
317,1022,2021-12-15,8
317,1022,2022-12-15,8
317,1022,2023-12-15,9
317,1022,2024-11-14,5
317,1022,2025-09-25,9
318,1023,2021-12-15,8
318,1023,2022-12-15,9
318,1023,2023-12-15,8
318,1023,2024-09-10,3
318,1023,2025-12-15,7
319,1024,2024-12-15,6
319,1024,2025-06-15,1
320,1025,2020-12-15,7
320,1025,2021-12-15,6
320,1025,2022-12-15,6
320,1025,2023-12-15,6
320,1025,2024-12-15,7
320,1025,2025-06-15,3
321,1026,2024-08-08,4
321,1026,2025-12-15,6
322,1027,2023-12-15,7
322,1027,2024-12-18,1
322,1027,2025-12-15,9
323,1028,2020-12-15,8
323,1028,2021-12-15,8
323,1028,2022-12-15,6
323,1028,2023-12-15,7
323,1028,2024-10-08,7
323,1028,2025-12-15,8
324,1029,2022-12-15,7
324,1029,2023-12-15,7
324,1029,2024-06-15,8
324,1029,2025-12-15,6
325,1030,2024-12-08,7
325,1030,2025-12-15,8
326,1031,2022-12-15,6
326,1031,2023-12-15,6
326,1031,2024-07-09,1
326,1031,2025-12-15,8
327,1032,2020-12-15,8
327,1032,2021-12-15,9
327,1032,2022-12-15,9
327,1032,2023-12-15,7
327,1032,2024-12-15,8
327,1032,2025-06-23,7
328,1033,2021-12-15,9
328,1033,2022-12-15,7
328,1033,2023-12-15,7
328,1033,2024-07-05,7
328,1033,2025-12-15,7
329,1034,2020-12-15,9
329,1034,2021-12-15,8
329,1034,2022-12-15,6
329,1034,2023-12-15,7
329,1034,2024-06-15,9
329,1034,2025-12-15,9
330,1035,2021-12-15,9
330,1035,2022-12-15,6
330,1035,2023-12-15,6
330,1035,2024-12-15,9
330,1035,2025-08-30,3
331,1036,2020-12-15,8
331,1036,2021-12-15,6
331,1036,2022-12-15,9
331,1036,2023-12-15,6
331,1036,2024-06-15,9
331,1036,2025-07-22,1
332,1037,2023-12-15,8
332,1037,2024-12-22,1
332,1037,2025-12-15,7
333,1038,2023-12-15,6
333,1038,2024-11-12,9
333,1038,2025-12-15,8
334,1039,2025-08-27,6
334,1039,2026-02-27,3
335,1040,2021-12-15,9
335,1040,2022-12-15,6
335,1040,2023-12-15,6
335,1040,2024-10-21,4
335,1040,2025-12-15,9
336,1041,2020-12-15,7
336,1041,2021-12-15,9
336,1041,2022-12-15,6
336,1041,2023-12-15,9
336,1041,2024-07-18,9
336,1041,2025-12-15,8
337,1042,2021-12-15,9
337,1042,2022-12-15,6
337,1042,2023-12-15,9
337,1042,2024-06-15,9
337,1042,2025-12-15,7
338,1043,2022-12-15,9
338,1043,2023-12-15,7
338,1043,2024-12-15,8
338,1043,2025-09-29,7
339,1044,2023-12-15,7
339,1044,2024-12-15,9
339,1044,2025-06-15,4
340,1045,2022-12-15,6
340,1045,2023-12-15,7
340,1045,2024-06-15,10
340,1045,2025-03-10,5
341,1046,2024-12-15,8
341,1046,2025-06-15,5
342,1047,2025-08-01,9
343,1048,2020-12-15,7
343,1048,2021-12-15,7
343,1048,2022-12-15,7
343,1048,2023-12-15,8
343,1048,2024-12-15,9
343,1048,2025-06-20,4
344,1049,2020-12-15,7
344,1049,2021-12-15,7
344,1049,2022-12-15,6
344,1049,2023-12-15,8
344,1049,2024-06-24,5
344,1049,2025-12-15,7
345,1050,2020-12-15,8
345,1050,2021-12-15,7
345,1050,2022-12-15,9
345,1050,2023-12-15,9
345,1050,2024-10-05,7
345,1050,2025-12-15,7
346,1051,2024-07-07,7
346,1051,2025-12-15,9
347,1052,2025-07-10,5
347,1052,2026-01-10,10
348,1053,2020-12-15,7
348,1053,2021-12-15,9
348,1053,2022-12-15,6
348,1053,2023-12-15,6
348,1053,2024-06-15,7
348,1053,2025-05-09,10
349,1054,2024-12-15,6
349,1054,2025-07-12,5
350,1055,2024-12-15,8
350,1055,2025-10-11,3
351,1056,2024-12-15,8
351,1056,2025-06-15,2
352,1057,2023-12-15,6
352,1057,2024-12-15,8
352,1057,2025-06-15,9
353,1058,2023-12-15,9
353,1058,2024-12-15,7
353,1058,2025-08-29,10
354,1000,2022-12-15,7
354,1000,2023-12-15,7
354,1000,2024-12-15,6
354,1000,2025-07-16,10
355,1001,2022-12-15,8
355,1001,2023-12-15,9
355,1001,2024-12-14,1
355,1001,2025-12-15,9
356,1002,2020-12-15,6
356,1002,2021-12-15,9
356,1002,2022-12-15,9
356,1002,2023-12-15,9
356,1002,2024-11-16,7
356,1002,2025-12-15,9
357,1003,2020-12-15,8
357,1003,2021-12-15,9
357,1003,2022-12-15,7
357,1003,2023-12-15,6
357,1003,2024-08-24,10
357,1003,2025-12-15,8
358,1004,2022-12-15,9
358,1004,2023-12-15,8
358,1004,2024-09-02,9
358,1004,2025-12-15,9
359,1005,2021-06-24,7
359,1005,2021-12-24,6
359,1005,2022-12-15,9
359,1005,2023-12-15,9
359,1005,2024-06-15,2
359,1005,2025-12-15,9
360,1006,2021-12-15,9
360,1006,2022-12-15,6
360,1006,2023-12-15,6
360,1006,2024-12-15,7
360,1006,2025-08-02,10
361,1007,2021-12-15,6
361,1007,2022-12-15,9
361,1007,2023-12-15,7
361,1007,2024-06-15,2
361,1007,2025-08-27,5
362,1008,2021-12-15,7
362,1008,2022-12-15,7
362,1008,2023-12-15,9
362,1008,2024-12-15,8
362,1008,2025-06-15,6
363,1009,2022-12-15,9
363,1009,2023-12-15,6
363,1009,2024-12-15,6
363,1009,2025-07-10,3
364,1010,2022-12-15,9
364,1010,2023-12-15,9
364,1010,2024-09-29,1
364,1010,2025-05-23,6
365,1011,2022-12-15,7
365,1011,2023-12-15,9
365,1011,2024-12-06,4
365,1011,2025-12-15,7
366,1012,2025-05-19,1
367,1013,2021-12-15,6
367,1013,2022-12-15,7
367,1013,2023-12-15,9
367,1013,2024-09-25,7
367,1013,2025-12-15,6
368,1014,2025-06-30,9
368,1014,2025-12-30,8
369,1015,2023-12-15,7
369,1015,2024-12-15,6
369,1015,2025-09-25,4
370,1016,2023-12-15,7
370,1016,2024-09-01,6
370,1016,2025-12-15,6
371,1017,2023-12-15,6
371,1017,2024-06-15,6
371,1017,2025-01-12,7
372,1018,2022-12-15,7
372,1018,2023-12-15,8
372,1018,2024-06-15,10
372,1018,2025-12-15,6
373,1019,2024-06-22,6
373,1019,2024-12-22,10
373,1019,2025-12-15,6
374,1020,2021-12-15,8
374,1020,2022-12-15,8
374,1020,2023-12-15,9
374,1020,2024-12-15,7
374,1020,2025-07-27,3
375,1021,2021-12-15,8
375,1021,2022-12-15,7
375,1021,2023-12-15,9
375,1021,2024-12-15,7
375,1021,2025-07-23,7
376,1022,2025-10-06,3
376,1022,2026-04-06,2
377,1023,2024-05-19,10
377,1023,2025-12-15,8
378,1024,2025-02-12,8
378,1024,2025-09-29,4
379,1025,2025-11-17,7
379,1025,2026-05-17,9
380,1026,2025-09-10,1
381,1027,2024-12-15,7
381,1027,2025-06-15,3
382,1028,2023-12-15,8
382,1028,2024-10-31,9
382,1028,2025-12-15,7
383,1029,2023-12-15,8
383,1029,2024-12-15,8
383,1029,2025-06-15,9
384,1030,2025-05-19,8
384,1030,2025-11-19,1
385,1031,2023-12-15,7
385,1031,2024-11-14,6
385,1031,2025-12-15,9
386,1032,2024-12-15,6
386,1032,2025-06-15,5
387,1033,2022-12-15,9
387,1033,2023-12-15,7
387,1033,2024-12-15,9
387,1033,2025-10-04,6
388,1034,2024-09-07,10
388,1034,2025-12-15,8
389,1035,2020-12-15,6
389,1035,2021-12-15,7
389,1035,2022-12-15,7
389,1035,2023-12-15,7
389,1035,2024-07-08,5
389,1035,2025-12-15,6
390,1036,2025-10-20,6
390,1036,2026-04-20,8
391,1037,2022-12-15,7
391,1037,2023-12-15,9
391,1037,2024-12-15,7
391,1037,2025-06-26,5
392,1038,2020-12-15,7
392,1038,2021-12-15,7
392,1038,2022-12-15,7
392,1038,2023-12-15,8
392,1038,2024-08-04,4
392,1038,2025-08-14,5
393,1039,2021-12-15,9
393,1039,2022-12-15,8
393,1039,2023-12-15,9
393,1039,2024-06-15,3
393,1039,2025-12-15,7
394,1040,2024-12-15,6
394,1040,2025-07-30,3
395,1041,2024-12-08,9
395,1041,2025-12-15,8
396,1042,2022-12-15,6
396,1042,2023-12-15,8
396,1042,2024-06-28,2
396,1042,2025-12-15,7
397,1043,2020-12-15,8
397,1043,2021-12-15,7
397,1043,2022-12-15,8
397,1043,2023-12-15,7
397,1043,2024-06-15,1
397,1043,2025-06-14,1
398,1044,2025-11-21,5
398,1044,2026-05-21,7
399,1045,2022-12-15,9
399,1045,2023-12-15,7
399,1045,2024-08-29,6
399,1045,2025-12-15,9
400,1046,2020-12-15,7
400,1046,2021-12-15,6
400,1046,2022-12-15,7
400,1046,2023-12-15,6
400,1046,2024-12-15,6
400,1046,2025-06-15,6
401,1047,2023-12-15,7
401,1047,2024-06-15,3
401,1047,2025-12-15,6
402,1048,2021-12-15,9
402,1048,2022-12-15,8
402,1048,2023-12-15,7
402,1048,2024-12-18,7
402,1048,2025-12-15,6
403,1049,2022-12-15,7
403,1049,2023-12-15,9
403,1049,2024-06-15,9
403,1049,2025-03-18,10
404,1050,2022-12-15,7
404,1050,2023-12-15,7
404,1050,2024-07-29,8
404,1050,2025-12-15,6
405,1051,2024-12-15,9
405,1051,2025-06-15,6
406,1052,2022-12-15,8
406,1052,2023-12-15,8
406,1052,2024-12-15,6
406,1052,2025-06-15,8
407,1053,2020-12-15,7
407,1053,2021-12-15,6
407,1053,2022-12-15,6
407,1053,2023-12-15,6
407,1053,2024-12-15,7
407,1053,2025-07-20,5
408,1054,2023-12-15,9
408,1054,2024-10-01,8
408,1054,2025-12-15,6
409,1055,2023-12-15,7
409,1055,2024-06-15,4
409,1055,2025-01-08,10
410,1056,2021-12-15,9
410,1056,2022-12-15,6
410,1056,2023-12-15,8
410,1056,2024-12-15,9
410,1056,2025-08-01,8
411,1057,2025-09-01,2
411,1057,2026-03-01,6
412,1058,2024-12-15,9
412,1058,2025-07-11,5
413,1000,2024-05-23,9
413,1000,2025-02-15,4
414,1001,2023-12-15,9
414,1001,2024-12-15,9
414,1001,2025-09-09,1
415,1002,2024-08-28,9
415,1002,2025-12-15,9
416,1003,2022-12-15,9
416,1003,2023-12-15,9
416,1003,2024-07-29,1
416,1003,2025-12-15,6
417,1004,2021-12-15,8
417,1004,2022-12-15,7
417,1004,2023-12-15,9
417,1004,2024-06-15,5
417,1004,2025-03-01,4
418,1005,2021-12-15,7
418,1005,2022-12-15,6
418,1005,2023-12-15,9
418,1005,2024-12-15,8
418,1005,2025-06-15,3
419,1006,2025-01-16,6
419,1006,2025-12-15,7
420,1007,2025-12-08,2
420,1007,2026-06-08,9
421,1008,2025-07-18,9
421,1008,2026-01-18,5
422,1009,2021-12-15,6
422,1009,2022-12-15,8
422,1009,2023-12-15,7
422,1009,2024-10-11,2
422,1009,2025-12-15,7
423,1010,2020-12-15,9
423,1010,2021-12-15,8
423,1010,2022-12-15,8
423,1010,2023-12-15,8
423,1010,2024-07-15,10
423,1010,2025-12-15,8
424,1011,2021-12-15,6
424,1011,2022-12-15,8
424,1011,2023-12-15,7
424,1011,2024-06-15,2
424,1011,2025-04-19,8
425,1012,2022-12-15,7
425,1012,2023-12-15,6
425,1012,2024-12-15,7
425,1012,2025-10-14,7
426,1013,2021-12-15,7
426,1013,2022-12-15,8
426,1013,2023-12-15,7
426,1013,2024-08-11,8
426,1013,2025-12-15,6
427,1014,2022-12-15,8
427,1014,2023-12-15,9
427,1014,2024-12-15,8
427,1014,2025-09-08,6
428,1015,2020-12-15,6
428,1015,2021-12-15,8
428,1015,2022-12-15,8
428,1015,2023-12-15,6
428,1015,2024-12-15,8
428,1015,2025-06-15,1
429,1016,2025-03-04,1
429,1016,2025-09-04,2
430,1017,2020-12-15,6
430,1017,2021-12-15,6
430,1017,2022-12-15,9
430,1017,2023-12-15,7
430,1017,2024-12-01,10
430,1017,2025-12-15,7
431,1018,2022-12-15,8
431,1018,2023-12-15,8
431,1018,2024-12-31,6
431,1018,2025-06-30,9
432,1019,2023-12-15,9
432,1019,2024-11-24,1
432,1019,2025-08-08,1
433,1020,2023-12-15,9
433,1020,2024-06-15,2
433,1020,2025-12-15,9
434,1021,2022-12-15,6
434,1021,2023-12-15,9
434,1021,2024-08-20,9
434,1021,2025-12-15,9
435,1022,2021-12-15,8
435,1022,2022-12-15,9
435,1022,2023-12-15,6
435,1022,2024-12-15,6
435,1022,2025-10-04,3
436,1023,2021-12-15,8
436,1023,2022-12-15,9
436,1023,2023-12-15,9
436,1023,2024-12-15,6
436,1023,2025-06-15,1
437,1024,2020-12-15,9
437,1024,2021-12-15,9
437,1024,2022-12-15,9
437,1024,2023-12-15,7
437,1024,2024-12-15,8
437,1024,2025-08-03,5
438,1025,2023-06-19,7
438,1025,2023-12-19,8
438,1025,2024-12-14,7
438,1025,2025-12-15,6
439,1026,2023-12-15,9
439,1026,2024-12-15,8
439,1026,2025-06-15,1
440,1027,2023-12-15,7
440,1027,2024-06-15,5
440,1027,2025-12-15,9
441,1028,2023-12-15,6
441,1028,2024-12-15,8
441,1028,2025-06-15,5
442,1029,2025-05-18,6
442,1029,2025-12-15,8
443,1030,2021-12-15,8
443,1030,2022-12-15,9
443,1030,2023-12-15,7
443,1030,2024-12-15,7
443,1030,2025-09-14,5
444,1031,2021-12-15,8
444,1031,2022-12-15,6
444,1031,2023-12-15,6
444,1031,2024-09-04,5
444,1031,2025-12-15,7
445,1032,2020-12-15,6
445,1032,2021-12-15,7
445,1032,2022-12-15,8
445,1032,2023-12-15,7
445,1032,2024-12-15,7
445,1032,2025-06-15,5
446,1033,2020-12-15,8
446,1033,2021-12-15,6
446,1033,2022-12-15,7
446,1033,2023-12-15,7
446,1033,2024-12-15,8
446,1033,2025-06-15,5
447,1034,2022-12-15,6
447,1034,2023-12-15,7
447,1034,2024-12-15,8
447,1034,2025-06-15,10
448,1035,2025-11-20,10
448,1035,2026-05-20,7
449,1036,2020-12-15,9
449,1036,2021-12-15,8
449,1036,2022-12-15,6
449,1036,2023-12-15,6
449,1036,2024-06-15,3
449,1036,2025-12-15,6
450,1037,2023-12-15,6
450,1037,2024-06-15,5
450,1037,2025-07-01,1
451,1038,2022-12-15,7
451,1038,2023-12-15,7
451,1038,2024-06-15,9
451,1038,2025-12-15,6
452,1039,2022-12-15,6
452,1039,2023-12-15,6
452,1039,2024-12-15,7
452,1039,2025-07-18,1
453,1040,2024-06-03,4
453,1040,2025-10-10,3
454,1041,2020-12-15,6
454,1041,2021-12-15,6
454,1041,2022-12-15,9
454,1041,2023-12-15,9
454,1041,2024-06-15,1
454,1041,2025-07-02,1
455,1042,2022-12-15,6
455,1042,2023-12-15,8
455,1042,2024-12-15,6
455,1042,2025-06-15,8
456,1043,2020-12-15,9
456,1043,2021-12-15,8
456,1043,2022-12-15,8
456,1043,2023-12-15,6
456,1043,2024-12-08,2
456,1043,2025-12-15,9
457,1044,2025-09-18,8
458,1045,2021-12-15,9
458,1045,2022-12-15,8
458,1045,2023-12-15,6
458,1045,2024-09-07,7
458,1045,2025-03-07,10
459,1046,2021-12-15,7
459,1046,2022-12-15,7
459,1046,2023-12-15,9
459,1046,2024-12-15,7
459,1046,2025-09-06,2
460,1047,2024-04-11,6
460,1047,2025-01-18,6
461,1048,2020-12-15,9
461,1048,2021-12-15,9
461,1048,2022-12-15,9
461,1048,2023-12-15,7
461,1048,2024-12-15,9
461,1048,2025-06-15,3
462,1049,2021-12-15,8
462,1049,2022-12-15,6
462,1049,2023-12-15,6
462,1049,2024-10-25,1
462,1049,2025-09-11,2
463,1050,2024-08-07,5
463,1050,2025-05-31,6
464,1051,2022-12-15,9
464,1051,2023-12-15,6
464,1051,2024-10-30,9
464,1051,2025-04-30,1
465,1052,2023-12-15,7
465,1052,2024-11-04,7
465,1052,2025-05-04,5
466,1053,2022-12-15,7
466,1053,2023-12-15,6
466,1053,2024-08-17,5
466,1053,2025-12-15,7
467,1054,2023-12-15,6
467,1054,2024-12-15,6
467,1054,2025-09-15,2
468,1055,2022-12-15,6
468,1055,2023-12-15,9
468,1055,2024-10-02,3
468,1055,2025-12-15,6
469,1056,2022-12-15,9
469,1056,2023-12-15,6
469,1056,2024-12-15,6
469,1056,2025-06-15,6
470,1057,2021-12-15,6
470,1057,2022-12-15,7
470,1057,2023-12-15,9
470,1057,2024-12-15,9
470,1057,2025-06-15,6
471,1058,2021-12-15,6
471,1058,2022-12-15,6
471,1058,2023-12-15,7
471,1058,2024-08-29,2
471,1058,2025-06-12,2
472,1000,2024-10-13,3
472,1000,2025-06-04,2
473,1001,2025-07-21,2
473,1001,2026-01-21,7
474,1002,2021-12-15,7
474,1002,2022-12-15,9
474,1002,2023-12-15,9
474,1002,2024-06-15,4
474,1002,2025-12-15,9
475,1003,2021-12-15,6
475,1003,2022-12-15,9
475,1003,2023-12-15,8
475,1003,2024-12-15,8
475,1003,2025-07-02,9
476,1004,2020-12-15,7
476,1004,2021-12-15,9
476,1004,2022-12-15,8
476,1004,2023-12-15,7
476,1004,2024-12-15,9
476,1004,2025-09-22,6
477,1005,2021-12-15,6
477,1005,2022-12-15,8
477,1005,2023-12-15,6
477,1005,2024-12-15,9
477,1005,2025-06-15,1
478,1006,2025-05-13,8
478,1006,2025-12-15,8
479,1007,2022-06-30,9
479,1007,2022-12-30,6
479,1007,2023-12-15,8
479,1007,2024-06-15,7
479,1007,2025-07-11,10
480,1008,2020-12-15,6
480,1008,2021-12-15,9
480,1008,2022-12-15,9
480,1008,2023-12-15,6
480,1008,2024-06-15,1
480,1008,2025-08-31,3
481,1009,2022-12-15,8
481,1009,2023-12-15,6
481,1009,2024-06-15,5
481,1009,2025-12-15,9
482,1010,2021-12-15,6
482,1010,2022-12-15,9
482,1010,2023-12-15,6
482,1010,2024-12-15,8
482,1010,2025-06-15,4
483,1011,2021-12-15,8
483,1011,2022-12-15,6
483,1011,2023-12-15,6
483,1011,2024-08-12,10
483,1011,2025-07-08,8
484,1012,2020-12-15,8
484,1012,2021-12-15,9
484,1012,2022-12-15,8
484,1012,2023-12-15,9
484,1012,2024-12-15,1
484,1012,2025-06-15,10
485,1013,2021-12-15,6
485,1013,2022-12-15,6
485,1013,2023-12-15,9
485,1013,2024-12-15,6
485,1013,2025-06-15,1
486,1014,2021-06-22,9
486,1014,2021-12-22,7
486,1014,2022-12-15,8
486,1014,2023-12-15,7
486,1014,2024-06-15,4
486,1014,2025-12-15,9
487,1015,2023-12-15,8
487,1015,2024-06-15,5
487,1015,2025-01-23,8
488,1016,2021-12-15,9
488,1016,2022-12-15,8
488,1016,2023-12-15,8
488,1016,2024-12-05,2
488,1016,2025-12-15,8
489,1017,2023-12-15,8
489,1017,2024-12-15,9
489,1017,2025-08-18,6
490,1018,2024-12-11,2
490,1018,2025-09-23,5
491,1019,2022-12-15,8
491,1019,2023-12-15,8
491,1019,2024-12-15,7
491,1019,2025-08-05,3
492,1020,2023-12-15,6
492,1020,2024-08-21,7
492,1020,2025-12-15,6
493,1021,2023-12-15,7
493,1021,2024-09-27,7
493,1021,2025-08-31,6
494,1022,2021-12-15,7
494,1022,2022-12-15,9
494,1022,2023-12-15,9
494,1022,2024-12-15,9
494,1022,2025-10-07,4
495,1023,2020-12-15,7
495,1023,2021-12-15,7
495,1023,2022-12-15,8
495,1023,2023-12-15,9
495,1023,2024-06-15,4
495,1023,2025-06-06,8
496,1024,2021-12-15,9
496,1024,2022-12-15,9
496,1024,2023-12-15,6
496,1024,2024-11-20,8
496,1024,2025-12-15,8
497,1025,2022-06-24,9
497,1025,2022-12-24,9
497,1025,2023-12-15,9
497,1025,2024-06-15,9
497,1025,2025-12-15,6
498,1026,2023-12-15,6
498,1026,2024-06-15,3
498,1026,2025-12-15,7
499,1027,2023-12-15,8
499,1027,2024-06-15,2
499,1027,2025-06-11,3
500,1028,2020-12-15,7
500,1028,2021-12-15,8
500,1028,2022-12-15,6
500,1028,2023-12-15,9
500,1028,2024-11-02,10
500,1028,2025-08-06,3
501,1029,2022-12-15,7
501,1029,2023-12-15,9
501,1029,2024-06-15,3
501,1029,2025-12-15,7
502,1030,2020-12-15,6
502,1030,2021-12-15,6
502,1030,2022-12-15,6
502,1030,2023-12-15,7
502,1030,2024-12-15,8
502,1030,2025-10-01,5
503,1031,2025-03-30,5
503,1031,2025-09-30,2
504,1032,2025-02-19,10
505,1033,2023-12-15,7
505,1033,2024-08-16,6
505,1033,2025-12-15,8
506,1034,2021-12-15,7
506,1034,2022-12-15,7
506,1034,2023-12-15,6
506,1034,2024-08-12,5
506,1034,2025-12-15,9
507,1035,2025-01-09,1
507,1035,2025-07-09,6
508,1036,2020-12-15,9
508,1036,2021-12-15,8
508,1036,2022-12-15,9
508,1036,2023-12-15,7
508,1036,2024-09-29,9
508,1036,2025-09-12,5
509,1037,2020-12-15,7
509,1037,2021-12-15,6
509,1037,2022-12-15,6
509,1037,2023-12-15,9
509,1037,2024-12-24,2
509,1037,2025-07-01,10
510,1038,2021-12-15,8
510,1038,2022-12-15,9
510,1038,2023-12-15,9
510,1038,2024-12-15,9
510,1038,2025-06-15,1
511,1039,2021-12-15,9
511,1039,2022-12-15,7
511,1039,2023-12-15,8
511,1039,2024-07-25,10
511,1039,2025-12-15,7
512,1040,2020-12-15,8
512,1040,2021-12-15,6
512,1040,2022-12-15,9
512,1040,2023-12-15,7
512,1040,2024-08-03,9
512,1040,2025-05-11,10
513,1041,2022-12-15,8
513,1041,2023-12-15,6
513,1041,2024-12-15,6
513,1041,2025-06-15,9
514,1042,2024-12-18,9
514,1042,2025-12-15,9
515,1043,2022-12-15,8
515,1043,2023-12-15,7
515,1043,2024-09-09,6
515,1043,2025-05-08,8
516,1044,2023-12-15,9
516,1044,2024-12-15,7
516,1044,2025-06-17,1
517,1045,2021-12-15,6
517,1045,2022-12-15,7
517,1045,2023-12-15,7
517,1045,2024-08-19,4
517,1045,2025-08-10,1
518,1046,2020-12-15,9
518,1046,2021-12-15,7
518,1046,2022-12-15,9
518,1046,2023-12-15,6
518,1046,2024-11-05,8
518,1046,2025-12-15,9
519,1047,2021-12-15,9
519,1047,2022-12-15,8
519,1047,2023-12-15,7
519,1047,2024-10-04,1
519,1047,2025-12-15,6
520,1048,2020-12-15,9
520,1048,2021-12-15,6
520,1048,2022-12-15,8
520,1048,2023-12-15,7
520,1048,2024-12-15,9
520,1048,2025-09-07,3
521,1049,2023-12-15,7
521,1049,2024-06-15,8
521,1049,2025-12-15,8
522,1050,2025-09-02,6
523,1051,2025-11-04,7
523,1051,2026-05-04,8
524,1052,2024-12-15,6
524,1052,2025-09-11,8
525,1053,2020-12-15,9
525,1053,2021-12-15,6
525,1053,2022-12-15,8
525,1053,2023-12-15,7
525,1053,2024-12-15,6
525,1053,2025-10-07,10
526,1054,2023-12-15,6
526,1054,2024-12-15,7
526,1054,2025-09-24,8
527,1055,2025-05-12,3
527,1055,2025-11-12,7
528,1056,2024-08-09,3
528,1056,2025-12-15,6
529,1057,2022-12-15,7
529,1057,2023-12-15,9
529,1057,2024-08-19,2
529,1057,2025-12-15,7
530,1058,2023-12-15,9
530,1058,2024-12-15,7
530,1058,2025-07-16,10
531,1000,2024-09-15,3
531,1000,2025-12-15,8
532,1001,2024-12-15,8
532,1001,2025-06-15,3
533,1002,2020-12-15,9
533,1002,2021-12-15,9
533,1002,2022-12-15,8
533,1002,2023-12-15,9
533,1002,2024-12-15,7
533,1002,2025-06-15,9
534,1003,2025-10-04,7
534,1003,2026-04-04,7
535,1004,2020-12-15,8
535,1004,2021-12-15,6
535,1004,2022-12-15,7
535,1004,2023-12-15,9
535,1004,2024-06-15,5
535,1004,2025-12-15,6
536,1005,2021-12-15,6
536,1005,2022-12-15,7
536,1005,2023-12-15,7
536,1005,2024-08-28,10
536,1005,2025-12-15,6
537,1006,2025-12-01,1
537,1006,2026-06-01,6
538,1007,2022-12-15,8
538,1007,2023-12-15,9
538,1007,2024-06-15,7
538,1007,2025-12-15,8
539,1008,2021-12-15,7
539,1008,2022-12-15,8
539,1008,2023-12-15,8
539,1008,2024-07-31,6
539,1008,2025-12-15,8
540,1009,2023-12-15,8
540,1009,2024-06-15,9
540,1009,2025-09-24,10
541,1010,2023-12-15,9
541,1010,2024-12-15,9
541,1010,2025-06-28,1
542,1011,2022-12-15,6
542,1011,2023-12-15,7
542,1011,2024-12-15,8
542,1011,2025-09-11,9
543,1012,2022-12-15,6
543,1012,2023-12-15,6
543,1012,2024-06-15,4
543,1012,2025-12-15,6
544,1013,2025-08-09,10
544,1013,2026-02-09,9
545,1014,2021-12-15,8
545,1014,2022-12-15,8
545,1014,2023-12-15,7
545,1014,2024-09-19,9
545,1014,2025-12-15,8
546,1015,2020-12-15,8
546,1015,2021-12-15,6
546,1015,2022-12-15,7
546,1015,2023-12-15,8
546,1015,2024-12-20,4
546,1015,2025-12-15,9
547,1016,2021-12-15,8
547,1016,2022-12-15,6
547,1016,2023-12-15,9
547,1016,2024-12-15,6
547,1016,2025-07-09,6
548,1017,2021-06-22,8
548,1017,2021-12-22,9
548,1017,2022-12-15,7
548,1017,2023-12-15,7
548,1017,2024-11-16,8
548,1017,2025-07-28,8
549,1018,2024-10-28,1
549,1018,2025-12-15,9
550,1019,2021-12-15,9
550,1019,2022-12-15,6
550,1019,2023-12-15,9
550,1019,2024-08-14,3
550,1019,2025-06-25,10
551,1020,2020-12-15,6
551,1020,2021-12-15,8
551,1020,2022-12-15,6
551,1020,2023-12-15,9
551,1020,2024-12-15,9
551,1020,2025-09-08,9
552,1021,2021-12-15,8
552,1021,2022-12-15,9
552,1021,2023-12-15,9
552,1021,2024-06-23,6
552,1021,2025-04-04,5
553,1022,2021-12-15,7
553,1022,2022-12-15,7
553,1022,2023-12-15,8
553,1022,2024-12-15,6
553,1022,2025-07-08,10
554,1023,2024-12-15,7
554,1023,2025-10-03,2
555,1024,2021-12-15,6
555,1024,2022-12-15,9
555,1024,2023-12-15,7
555,1024,2024-09-15,5
555,1024,2025-08-29,6
556,1025,2021-12-15,8
556,1025,2022-12-15,8
556,1025,2023-12-15,8
556,1025,2024-10-17,1
556,1025,2025-08-29,9
557,1026,2020-12-15,7
557,1026,2021-12-15,6
557,1026,2022-12-15,9
557,1026,2023-12-15,6
557,1026,2024-10-01,5
557,1026,2025-12-15,6
558,1027,2024-12-19,6
558,1027,2025-12-15,9
559,1028,2024-12-15,9
559,1028,2025-07-31,6
560,1029,2025-07-26,6
560,1029,2026-01-26,7
561,1030,2025-09-10,7
561,1030,2026-03-10,7
562,1031,2022-12-15,7
562,1031,2023-12-15,7
562,1031,2024-12-15,7
562,1031,2025-09-15,7
563,1032,2020-12-15,9
563,1032,2021-12-15,6
563,1032,2022-12-15,7
563,1032,2023-12-15,7
563,1032,2024-12-03,9
563,1032,2025-12-15,6
564,1033,2020-12-15,7
564,1033,2021-12-15,6
564,1033,2022-12-15,6
564,1033,2023-12-15,9
564,1033,2024-06-15,3
564,1033,2025-07-10,3
565,1034,2020-12-15,8
565,1034,2021-12-15,9
565,1034,2022-12-15,8
565,1034,2023-12-15,8
565,1034,2024-12-15,8
565,1034,2025-10-06,5
566,1035,2023-12-15,7
566,1035,2024-11-18,4
566,1035,2025-12-15,9
567,1036,2020-12-15,8
567,1036,2021-12-15,6
567,1036,2022-12-15,7
567,1036,2023-12-15,9
567,1036,2024-06-15,8
567,1036,2025-12-15,8
568,1037,2021-12-15,6
568,1037,2022-12-15,9
568,1037,2023-12-15,9
568,1037,2024-12-15,7
568,1037,2025-08-10,6
569,1038,2023-12-15,9
569,1038,2024-12-15,7
569,1038,2025-06-15,4
570,1039,2020-12-15,8
570,1039,2021-12-15,7
570,1039,2022-12-15,6
570,1039,2023-12-15,7
570,1039,2024-12-15,6
570,1039,2025-07-08,4
571,1040,2024-12-15,7
571,1040,2025-06-15,6
572,1041,2023-12-15,9
572,1041,2024-12-15,8
572,1041,2025-08-16,6
573,1042,2021-12-15,6
573,1042,2022-12-15,7
573,1042,2023-12-15,7
573,1042,2024-12-15,7
573,1042,2025-06-26,1
574,1043,2020-12-15,9
574,1043,2021-12-15,9
574,1043,2022-12-15,6
574,1043,2023-12-15,6
574,1043,2024-08-15,8
574,1043,2025-02-25,6
575,1044,2022-12-15,9
575,1044,2023-12-15,6
575,1044,2024-06-15,9
575,1044,2025-04-26,3
576,1045,2022-12-15,8
576,1045,2023-12-15,8
576,1045,2024-07-03,2
576,1045,2025-12-15,9
577,1046,2022-06-20,6
577,1046,2022-12-20,7
577,1046,2023-12-15,8
577,1046,2024-10-31,10
577,1046,2025-04-30,8
578,1047,2023-12-15,9
578,1047,2024-08-18,3
578,1047,2025-12-15,6
579,1048,2020-12-15,9
579,1048,2021-12-15,7
579,1048,2022-12-15,8
579,1048,2023-12-15,9
579,1048,2024-06-15,6
579,1048,2025-02-05,10
580,1049,2020-12-15,9
580,1049,2021-12-15,9
580,1049,2022-12-15,7
580,1049,2023-12-15,9
580,1049,2024-12-15,7
580,1049,2025-06-15,4
581,1050,2024-09-03,4
581,1050,2025-07-20,3
582,1051,2025-09-21,1
582,1051,2026-03-21,4
583,1052,2020-12-15,7
583,1052,2021-12-15,7
583,1052,2022-12-15,8
583,1052,2023-12-15,8
583,1052,2024-12-15,9
583,1052,2025-06-15,1
584,1053,2022-12-15,9
584,1053,2023-12-15,8
584,1053,2024-08-29,10
584,1053,2025-12-15,6
585,1054,2024-12-15,8
585,1054,2025-08-30,6
586,1055,2024-12-15,7
586,1055,2025-06-15,5
587,1056,2024-11-26,4
587,1056,2025-12-15,8
588,1057,2024-12-15,7
588,1057,2025-06-15,3
589,1058,2022-12-15,9
589,1058,2023-12-15,6
589,1058,2024-06-15,1
589,1058,2025-12-15,9
590,1000,2024-12-15,7
590,1000,2025-06-15,6
591,1001,2021-12-15,7
591,1001,2022-12-15,7
591,1001,2023-12-15,6
591,1001,2024-12-17,8
591,1001,2025-12-15,8
592,1002,2022-12-15,9
592,1002,2023-12-15,9
592,1002,2024-12-15,8
592,1002,2025-10-05,5
593,1003,2024-09-13,10
593,1003,2025-12-15,9
594,1004,2021-12-15,6
594,1004,2022-12-15,9
594,1004,2023-12-15,7
594,1004,2024-06-28,2
594,1004,2025-02-12,8
595,1005,2021-06-19,8
595,1005,2021-12-19,6
595,1005,2022-12-15,8
595,1005,2023-12-15,6
595,1005,2024-08-14,2
595,1005,2025-12-15,7
596,1006,2023-12-15,8
596,1006,2024-10-31,4
596,1006,2025-12-15,9
597,1007,2021-12-15,6
597,1007,2022-12-15,8
597,1007,2023-12-15,9
597,1007,2024-09-11,9
597,1007,2025-03-11,5
598,1008,2023-06-28,8
598,1008,2023-12-28,8
598,1008,2024-12-15,8
598,1008,2025-09-29,1
599,1009,2024-12-30,8
599,1009,2025-06-30,6
600,1010,2023-12-15,6
600,1010,2024-12-04,3
600,1010,2025-12-15,9
601,1011,2020-12-15,7
601,1011,2021-12-15,6
601,1011,2022-12-15,6
601,1011,2023-12-15,6
601,1011,2024-08-16,1
601,1011,2025-05-15,5
602,1012,2022-12-15,7
602,1012,2023-12-15,9
602,1012,2024-10-19,2
602,1012,2025-08-19,5
603,1013,2024-12-15,9
603,1013,2025-06-15,8
604,1014,2022-12-15,9
604,1014,2023-12-15,8
604,1014,2024-06-15,9
604,1014,2025-12-15,8
605,1015,2020-12-15,8
605,1015,2021-12-15,7
605,1015,2022-12-15,8
605,1015,2023-12-15,7
605,1015,2024-08-02,2
605,1015,2025-07-22,3
606,1016,2024-05-09,3
606,1016,2025-12-15,9
607,1017,2021-12-15,8
607,1017,2022-12-15,8
607,1017,2023-12-15,6
607,1017,2024-12-15,7
607,1017,2025-06-15,1
608,1018,2022-12-15,9
608,1018,2023-12-15,6
608,1018,2024-06-15,6
608,1018,2025-10-11,8
609,1019,2024-12-15,6
609,1019,2025-06-15,8
610,1020,2022-12-15,9
610,1020,2023-12-15,6
610,1020,2024-12-15,7
610,1020,2025-09-30,9
611,1021,2024-07-03,5
611,1021,2025-12-15,7
612,1022,2020-12-15,8
612,1022,2021-12-15,6
612,1022,2022-12-15,8
612,1022,2023-12-15,6
612,1022,2024-06-18,3
612,1022,2025-12-15,7
613,1023,2022-12-15,7
613,1023,2023-12-15,7
613,1023,2024-06-15,5
613,1023,2025-12-15,6
614,1024,2020-12-15,7
614,1024,2021-12-15,6
614,1024,2022-12-15,8
614,1024,2023-12-15,6
614,1024,2024-06-15,5
614,1024,2025-12-15,8
615,1025,2020-12-15,6
615,1025,2021-12-15,8
615,1025,2022-12-15,7
615,1025,2023-12-15,8
615,1025,2024-11-24,5
615,1025,2025-05-24,3
616,1026,2024-11-24,10
616,1026,2025-12-15,7
617,1027,2020-12-15,7
617,1027,2021-12-15,8
617,1027,2022-12-15,6
617,1027,2023-12-15,6
617,1027,2024-06-15,9
617,1027,2025-12-15,9
618,1028,2022-12-15,6
618,1028,2023-12-15,9
618,1028,2024-12-15,6
618,1028,2025-07-26,10
619,1029,2025-06-28,9
619,1029,2025-12-28,2
620,1030,2020-12-15,6
620,1030,2021-12-15,7
620,1030,2022-12-15,9
620,1030,2023-12-15,6
620,1030,2024-12-15,9
620,1030,2025-06-15,8
621,1031,2021-12-15,7
621,1031,2022-12-15,7
621,1031,2023-12-15,9
621,1031,2024-12-15,7
621,1031,2025-06-15,8
622,1032,2020-12-15,8
622,1032,2021-12-15,8
622,1032,2022-12-15,7
622,1032,2023-12-15,8
622,1032,2024-09-17,8
622,1032,2025-07-12,7
623,1033,2020-12-15,6
623,1033,2021-12-15,9
623,1033,2022-12-15,6
623,1033,2023-12-15,9
623,1033,2024-08-02,3
623,1033,2025-12-15,7
624,1034,2020-12-15,6
624,1034,2021-12-15,7
624,1034,2022-12-15,7
624,1034,2023-12-15,9
624,1034,2024-12-15,9
624,1034,2025-10-12,6
625,1035,2023-12-15,9
625,1035,2024-07-05,7
625,1035,2025-08-06,1
626,1036,2024-12-15,6
626,1036,2025-10-07,1
627,1037,2021-12-15,8
627,1037,2022-12-15,9
627,1037,2023-12-15,9
627,1037,2024-12-15,6
627,1037,2025-06-15,9
628,1038,2025-03-09,1
629,1039,2023-06-24,9
629,1039,2023-12-24,6
629,1039,2024-09-16,7
629,1039,2025-07-23,1
630,1040,2024-09-18,5
630,1040,2025-03-18,2
631,1041,2022-06-21,7
631,1041,2022-12-21,9
631,1041,2023-12-15,9
631,1041,2024-12-15,7
631,1041,2025-06-15,8
632,1042,2022-12-15,7
632,1042,2023-12-15,7
632,1042,2024-12-15,9
632,1042,2025-06-15,8
633,1043,2020-12-15,8
633,1043,2021-12-15,8
633,1043,2022-12-15,8
633,1043,2023-12-15,9
633,1043,2024-12-15,7
633,1043,2025-06-15,3
634,1044,2020-12-15,9
634,1044,2021-12-15,7
634,1044,2022-12-15,9
634,1044,2023-12-15,9
634,1044,2024-12-13,7
634,1044,2025-12-15,7
635,1045,2025-07-03,3
635,1045,2026-01-03,8
636,1046,2024-12-15,7
636,1046,2025-06-15,6
637,1047,2024-12-15,6
637,1047,2025-09-11,3
638,1048,2020-12-15,6
638,1048,2021-12-15,7
638,1048,2022-12-15,9
638,1048,2023-12-15,6
638,1048,2024-12-15,6
638,1048,2025-10-05,3
639,1049,2021-12-15,9
639,1049,2022-12-15,9
639,1049,2023-12-15,8
639,1049,2024-10-13,8
639,1049,2025-12-15,9
640,1050,2023-12-15,7
640,1050,2024-10-26,4
640,1050,2025-12-15,7
641,1051,2022-12-15,8
641,1051,2023-12-15,6
641,1051,2024-06-16,4
641,1051,2025-06-26,1
642,1052,2023-12-15,6
642,1052,2024-09-26,4
642,1052,2025-10-02,7
643,1053,2024-11-06,9
643,1053,2025-12-15,9
644,1054,2022-12-15,7
644,1054,2023-12-15,6
644,1054,2024-12-12,1
644,1054,2025-12-15,8
645,1055,2022-12-15,8
645,1055,2023-12-15,7
645,1055,2024-12-15,8
645,1055,2025-08-16,5
646,1056,2025-07-29,7
646,1056,2026-01-29,1
647,1057,2021-12-15,8
647,1057,2022-12-15,7
647,1057,2023-12-15,9
647,1057,2024-12-15,9
647,1057,2025-08-31,4
648,1058,2022-12-15,8
648,1058,2023-12-15,9
648,1058,2024-12-15,9
648,1058,2025-09-28,2
649,1000,2023-12-15,8
649,1000,2024-09-19,10
649,1000,2025-12-15,9
650,1001,2022-12-15,8
650,1001,2023-12-15,6
650,1001,2024-12-15,7
650,1001,2025-08-28,5
651,1002,2023-12-15,7
651,1002,2024-06-15,1
651,1002,2025-12-15,9
652,1003,2025-05-11,6
652,1003,2025-12-15,9
653,1004,2024-11-04,4
653,1004,2025-12-15,9
654,1005,2023-12-15,7
654,1005,2024-12-15,6
654,1005,2025-06-15,8
655,1006,2020-12-15,6
655,1006,2021-12-15,7
655,1006,2022-12-15,6
655,1006,2023-12-15,7
655,1006,2024-09-15,8
655,1006,2025-12-15,6
656,1007,2020-12-15,8
656,1007,2021-12-15,8
656,1007,2022-12-15,7
656,1007,2023-12-15,6
656,1007,2024-12-15,9
656,1007,2025-10-13,4
657,1008,2021-12-15,6
657,1008,2022-12-15,8
657,1008,2023-12-15,8
657,1008,2024-12-15,6
657,1008,2025-06-15,2
658,1009,2020-12-15,6
658,1009,2021-12-15,9
658,1009,2022-12-15,9
658,1009,2023-12-15,6
658,1009,2024-11-13,3
658,1009,2025-12-15,6
659,1010,2021-12-15,6
659,1010,2022-12-15,6
659,1010,2023-12-15,7
659,1010,2024-06-15,4
659,1010,2025-07-21,4
660,1011,2023-12-15,6
660,1011,2024-08-16,10
660,1011,2025-12-15,9
661,1012,2024-12-15,8
661,1012,2025-10-04,5
662,1013,2025-07-30,4
662,1013,2026-01-30,10
663,1014,2023-12-15,7
663,1014,2024-10-30,8
663,1014,2025-12-15,6
664,1015,2020-12-15,8
664,1015,2021-12-15,7
664,1015,2022-12-15,8
664,1015,2023-12-15,6
664,1015,2024-11-24,6
664,1015,2025-12-15,6
665,1016,2022-12-15,9
665,1016,2023-12-15,6
665,1016,2024-07-17,7
665,1016,2025-05-31,8
666,1017,2021-12-15,6
666,1017,2022-12-15,7
666,1017,2023-12-15,9
666,1017,2024-12-21,10
666,1017,2025-06-21,10
667,1018,2022-12-15,7
667,1018,2023-12-15,8
667,1018,2024-12-22,2
667,1018,2025-06-22,8
668,1019,2023-12-15,6
668,1019,2024-12-15,8
668,1019,2025-06-15,1
669,1020,2025-07-28,4
670,1021,2024-11-23,4
670,1021,2025-05-23,5
671,1022,2022-12-15,7
671,1022,2023-12-15,6
671,1022,2024-12-05,8
671,1022,2025-12-15,6
672,1023,2020-12-15,7
672,1023,2021-12-15,7
672,1023,2022-12-15,7
672,1023,2023-12-15,7
672,1023,2024-12-15,7
672,1023,2025-06-15,8
673,1024,2021-12-15,6
673,1024,2022-12-15,7
673,1024,2023-12-15,6
673,1024,2024-12-27,10
673,1024,2025-12-15,6
674,1025,2021-12-15,7
674,1025,2022-12-15,7
674,1025,2023-12-15,9
674,1025,2024-06-15,10
674,1025,2025-12-15,6
675,1026,2022-12-15,7
675,1026,2023-12-15,7
675,1026,2024-08-06,9
675,1026,2025-12-15,7
676,1027,2023-12-15,9
676,1027,2024-10-01,6
676,1027,2025-04-01,3
677,1028,2022-12-15,9
677,1028,2023-12-15,8
677,1028,2024-07-13,8
677,1028,2025-12-15,6
678,1029,2024-11-07,6
678,1029,2025-12-15,8
679,1030,2022-12-15,7
679,1030,2023-12-15,9
679,1030,2024-12-15,9
679,1030,2025-06-15,7
680,1031,2020-12-15,8
680,1031,2021-12-15,9
680,1031,2022-12-15,7
680,1031,2023-12-15,9
680,1031,2024-06-15,1
680,1031,2025-12-15,8
681,1032,2021-12-15,7
681,1032,2022-12-15,8
681,1032,2023-12-15,9
681,1032,2024-09-10,5
681,1032,2025-03-27,5
682,1033,2023-12-15,8
682,1033,2024-06-22,10
682,1033,2025-12-15,8
683,1034,2020-12-15,6
683,1034,2021-12-15,9
683,1034,2022-12-15,9
683,1034,2023-12-15,8
683,1034,2024-12-15,6
683,1034,2025-06-15,4
684,1035,2025-03-27,7
684,1035,2025-09-27,6
685,1036,2020-12-15,9
685,1036,2021-12-15,7
685,1036,2022-12-15,8
685,1036,2023-12-15,9
685,1036,2024-09-27,9
685,1036,2025-12-15,7
686,1037,2022-12-15,9
686,1037,2023-12-15,7
686,1037,2024-12-15,8
686,1037,2025-09-04,1
687,1038,2025-05-27,7
687,1038,2025-11-27,3
688,1039,2024-12-15,9
688,1039,2025-06-15,8
689,1040,2020-12-15,9
689,1040,2021-12-15,6
689,1040,2022-12-15,8
689,1040,2023-12-15,7
689,1040,2024-12-15,9
689,1040,2025-07-03,5
690,1041,2020-12-15,9
690,1041,2021-12-15,7
690,1041,2022-12-15,8
690,1041,2023-12-15,6
690,1041,2024-12-15,6
690,1041,2025-06-15,5
691,1042,2022-12-15,9
691,1042,2023-12-15,7
691,1042,2024-07-08,9
691,1042,2025-10-06,10
692,1043,2025-04-16,4
692,1043,2025-10-16,9
693,1044,2025-11-05,5
693,1044,2026-05-05,9
694,1045,2023-12-15,7
694,1045,2024-08-03,10
694,1045,2025-02-18,9
695,1046,2024-06-24,6
695,1046,2024-12-24,8
695,1046,2025-06-24,3
696,1047,2025-09-24,9
697,1048,2023-12-15,7
697,1048,2024-12-15,6
697,1048,2025-08-21,10
698,1049,2020-12-15,9
698,1049,2021-12-15,7
698,1049,2022-12-15,8
698,1049,2023-12-15,9
698,1049,2024-11-28,2
698,1049,2025-12-15,9
699,1050,2022-12-15,6
699,1050,2023-12-15,7
699,1050,2024-07-14,7
699,1050,2025-12-15,9
700,1051,2022-12-15,8
700,1051,2023-12-15,7
700,1051,2024-09-14,2
700,1051,2025-05-27,2
701,1052,2023-12-15,8
701,1052,2024-06-15,1
701,1052,2025-12-15,9
702,1053,2022-12-15,8
702,1053,2023-12-15,6
702,1053,2024-06-15,3
702,1053,2025-12-15,8
703,1054,2020-12-15,7
703,1054,2021-12-15,8
703,1054,2022-12-15,8
703,1054,2023-12-15,6
703,1054,2024-09-04,8
703,1054,2025-07-25,6
704,1055,2020-12-15,8
704,1055,2021-12-15,8
704,1055,2022-12-15,9
704,1055,2023-12-15,9
704,1055,2024-06-29,7
704,1055,2025-04-23,9
705,1056,2024-12-15,7
705,1056,2025-07-09,4
706,1057,2022-12-15,9
706,1057,2023-12-15,9
706,1057,2024-12-15,9
706,1057,2025-07-25,6
707,1058,2025-02-08,5
707,1058,2025-08-08,8
708,1000,2021-12-15,9
708,1000,2022-12-15,6
708,1000,2023-12-15,9
708,1000,2024-06-15,1
708,1000,2025-01-05,1
709,1001,2025-11-30,6
709,1001,2026-05-30,6
710,1002,2023-12-15,6
710,1002,2024-09-28,10
710,1002,2025-12-15,9
711,1003,2020-12-15,8
711,1003,2021-12-15,6
711,1003,2022-12-15,8
711,1003,2023-12-15,8
711,1003,2024-06-15,2
711,1003,2025-12-15,9
712,1004,2023-12-15,7
712,1004,2024-06-24,5
712,1004,2025-02-09,1
713,1005,2022-12-15,9
713,1005,2023-12-15,7
713,1005,2024-12-15,7
713,1005,2025-09-01,7
714,1006,2021-12-15,9
714,1006,2022-12-15,9
714,1006,2023-12-15,7
714,1006,2024-11-25,4
714,1006,2025-12-15,9
715,1007,2022-12-15,7
715,1007,2023-12-15,8
715,1007,2024-12-15,9
715,1007,2025-06-15,9
716,1008,2025-03-04,1
716,1008,2025-12-15,8
717,1009,2024-12-15,6
717,1009,2025-09-21,4
718,1010,2023-12-15,8
718,1010,2024-06-15,6
718,1010,2025-12-15,8
719,1011,2024-12-15,7
719,1011,2025-08-15,6
720,1012,2022-12-15,8
720,1012,2023-12-15,9
720,1012,2024-12-15,7
720,1012,2025-06-15,8
721,1013,2024-12-15,6
721,1013,2025-07-15,1
722,1014,2025-01-30,7
722,1014,2025-07-30,9
723,1015,2022-12-15,6
723,1015,2023-12-15,8
723,1015,2024-06-15,1
723,1015,2025-06-14,7
724,1016,2022-12-15,9
724,1016,2023-12-15,9
724,1016,2024-12-18,8
724,1016,2025-06-18,3
725,1017,2025-09-21,3
725,1017,2026-03-21,6
726,1018,2024-09-04,1
726,1018,2025-06-30,8
727,1019,2020-12-15,9
727,1019,2021-12-15,9
727,1019,2022-12-15,9
727,1019,2023-12-15,8
727,1019,2024-12-15,6
727,1019,2025-06-15,3
728,1020,2022-12-15,9
728,1020,2023-12-15,7
728,1020,2024-12-29,1
728,1020,2025-12-15,7
729,1021,2021-12-15,7
729,1021,2022-12-15,7
729,1021,2023-12-15,8
729,1021,2024-06-15,2
729,1021,2025-10-02,3
730,1022,2024-12-10,2
730,1022,2025-12-15,9
731,1023,2023-12-15,6
731,1023,2024-06-15,6
731,1023,2025-12-15,9
732,1024,2020-12-15,8
732,1024,2021-12-15,7
732,1024,2022-12-15,8
732,1024,2023-12-15,9
732,1024,2024-12-15,6
732,1024,2025-06-15,1
733,1025,2022-12-15,8
733,1025,2023-12-15,6
733,1025,2024-12-15,8
733,1025,2025-08-24,2
734,1026,2023-12-15,6
734,1026,2024-07-10,4
734,1026,2025-04-26,3
735,1027,2023-12-15,6
735,1027,2024-12-15,7
735,1027,2025-06-15,1
736,1028,2020-12-15,6
736,1028,2021-12-15,7
736,1028,2022-12-15,9
736,1028,2023-12-15,9
736,1028,2024-12-15,7
736,1028,2025-06-15,8
737,1029,2023-12-15,7
737,1029,2024-06-15,7
737,1029,2025-08-13,7
738,1030,2024-12-15,8
738,1030,2025-06-15,3
739,1031,2022-12-15,8
739,1031,2023-12-15,8
739,1031,2024-12-15,9
739,1031,2025-09-17,10
740,1032,2025-11-21,10
740,1032,2026-05-21,8
741,1033,2022-06-28,6
741,1033,2022-12-28,6
741,1033,2023-12-15,8
741,1033,2024-12-18,2
741,1033,2025-12-15,6
742,1034,2023-12-15,9
742,1034,2024-06-15,7
742,1034,2025-08-03,7
743,1035,2021-12-15,6
743,1035,2022-12-15,9
743,1035,2023-12-15,7
743,1035,2024-12-15,7
743,1035,2025-10-03,7
744,1036,2020-12-15,7
744,1036,2021-12-15,7
744,1036,2022-12-15,6
744,1036,2023-12-15,8
744,1036,2024-06-15,8
744,1036,2025-12-15,6
745,1037,2025-08-21,1
745,1037,2026-02-21,9
746,1038,2021-12-15,6
746,1038,2022-12-15,6
746,1038,2023-12-15,9
746,1038,2024-07-28,9
746,1038,2025-02-07,7
747,1039,2024-12-15,7
747,1039,2025-07-26,3
748,1040,2022-12-15,7
748,1040,2023-12-15,7
748,1040,2024-11-25,8
748,1040,2025-05-25,7
749,1041,2024-04-14,8
749,1041,2025-12-15,8
750,1042,2023-12-15,9
750,1042,2024-11-11,9
750,1042,2025-09-03,6
751,1043,2023-12-15,9
751,1043,2024-08-16,5
751,1043,2025-12-15,6
752,1044,2023-12-15,8
752,1044,2024-08-26,3
752,1044,2025-02-26,3
753,1045,2020-12-15,7
753,1045,2021-12-15,8
753,1045,2022-12-15,9
753,1045,2023-12-15,9
753,1045,2024-08-31,8
753,1045,2025-12-15,6
754,1046,2021-12-15,6
754,1046,2022-12-15,9
754,1046,2023-12-15,7
754,1046,2024-08-04,2
754,1046,2025-04-14,3
755,1047,2022-12-15,7
755,1047,2023-12-15,8
755,1047,2024-06-15,8
755,1047,2025-12-15,9
756,1048,2021-12-15,9
756,1048,2022-12-15,7
756,1048,2023-12-15,7
756,1048,2024-12-15,9
756,1048,2025-07-17,4
757,1049,2021-12-15,6
757,1049,2022-12-15,9
757,1049,2023-12-15,9
757,1049,2024-10-31,5
757,1049,2025-04-30,6
758,1050,2021-12-15,7
758,1050,2022-12-15,7
758,1050,2023-12-15,6
758,1050,2024-12-15,6
758,1050,2025-06-20,5
759,1051,2024-12-15,8
759,1051,2025-10-10,7
760,1052,2020-12-15,9
760,1052,2021-12-15,7
760,1052,2022-12-15,6
760,1052,2023-12-15,8
760,1052,2024-12-15,8
760,1052,2025-10-07,7
761,1053,2021-12-15,7
761,1053,2022-12-15,7
761,1053,2023-12-15,8
761,1053,2024-12-15,6
761,1053,2025-10-18,7
762,1054,2021-12-15,8
762,1054,2022-12-15,9
762,1054,2023-12-15,9
762,1054,2024-12-15,7
762,1054,2025-06-15,7
763,1055,2020-12-15,6
763,1055,2021-12-15,6
763,1055,2022-12-15,9
763,1055,2023-12-15,8
763,1055,2024-08-13,5
763,1055,2025-02-13,3
764,1056,2023-12-15,7
764,1056,2024-10-09,3
764,1056,2025-12-15,8
765,1057,2023-12-15,8
765,1057,2024-12-14,2
765,1057,2025-12-15,8
766,1058,2020-12-15,6
766,1058,2021-12-15,9
766,1058,2022-12-15,6
766,1058,2023-12-15,9
766,1058,2024-06-15,1
766,1058,2025-12-15,7
767,1000,2022-12-15,7
767,1000,2023-12-15,8
767,1000,2024-12-15,9
767,1000,2025-08-29,5
768,1001,2021-12-15,9
768,1001,2022-12-15,9
768,1001,2023-12-15,8
768,1001,2024-12-15,8
768,1001,2025-06-15,4
769,1002,2023-12-15,7
769,1002,2024-06-18,10
769,1002,2025-03-03,2
770,1003,2022-12-15,6
770,1003,2023-12-15,9
770,1003,2024-08-12,3
770,1003,2025-12-15,9
771,1004,2020-12-15,6
771,1004,2021-12-15,9
771,1004,2022-12-15,8
771,1004,2023-12-15,8
771,1004,2024-06-15,7
771,1004,2025-08-20,7
772,1005,2025-07-01,4
772,1005,2026-01-01,9
773,1006,2020-12-15,8
773,1006,2021-12-15,8
773,1006,2022-12-15,9
773,1006,2023-12-15,7
773,1006,2024-12-15,6
773,1006,2025-08-16,5
774,1007,2020-12-15,8
774,1007,2021-12-15,7
774,1007,2022-12-15,8
774,1007,2023-12-15,8
774,1007,2024-12-15,6
774,1007,2025-09-29,6
775,1008,2025-03-24,9
775,1008,2025-09-24,2
776,1009,2023-12-15,8
776,1009,2024-07-25,5
776,1009,2025-12-15,6
777,1010,2021-12-15,6
777,1010,2022-12-15,6
777,1010,2023-12-15,7
777,1010,2024-12-15,9
777,1010,2025-07-08,3
778,1011,2021-12-15,7
778,1011,2022-12-15,9
778,1011,2023-12-15,9
778,1011,2024-12-15,6
778,1011,2025-09-24,4
779,1012,2023-12-15,8
779,1012,2024-06-15,10
779,1012,2025-05-29,6
780,1013,2022-12-15,6
780,1013,2023-12-15,8
780,1013,2024-12-15,9
780,1013,2025-06-15,8
781,1014,2020-12-15,6
781,1014,2021-12-15,8
781,1014,2022-12-15,7
781,1014,2023-12-15,8
781,1014,2024-12-28,1
781,1014,2025-06-28,10
782,1015,2023-12-15,6
782,1015,2024-12-23,8
782,1015,2025-12-15,7
783,1016,2022-12-15,8
783,1016,2023-12-15,8
783,1016,2024-12-15,8
783,1016,2025-06-15,1
784,1017,2020-12-15,8
784,1017,2021-12-15,8
784,1017,2022-12-15,7
784,1017,2023-12-15,9
784,1017,2024-12-15,7
784,1017,2025-06-15,2
785,1018,2022-12-15,7
785,1018,2023-12-15,7
785,1018,2024-12-15,9
785,1018,2025-10-11,3
786,1019,2024-12-15,6
786,1019,2025-06-15,1
787,1020,2022-12-15,9
787,1020,2023-12-15,7
787,1020,2024-08-07,9
787,1020,2025-12-15,8
788,1021,2022-12-15,8
788,1021,2023-12-15,7
788,1021,2024-09-25,8
788,1021,2025-12-15,8
789,1022,2021-12-15,7
789,1022,2022-12-15,8
789,1022,2023-12-15,9
789,1022,2024-12-15,6
789,1022,2025-06-15,9
790,1023,2024-12-15,6
790,1023,2025-08-04,7
791,1024,2022-12-15,9
791,1024,2023-12-15,9
791,1024,2024-12-16,6
791,1024,2025-12-15,7
792,1025,2024-12-15,7
792,1025,2025-06-15,6
793,1026,2023-12-15,7
793,1026,2024-10-27,10
793,1026,2025-04-27,4
794,1027,2020-12-15,8
794,1027,2021-12-15,7
794,1027,2022-12-15,9
794,1027,2023-12-15,6
794,1027,2024-07-09,10
794,1027,2025-12-15,8
795,1028,2025-07-29,7
795,1028,2026-01-29,2
796,1029,2022-12-15,7
796,1029,2023-12-15,8
796,1029,2024-06-15,5
796,1029,2025-12-15,8
797,1030,2020-12-15,7
797,1030,2021-12-15,8
797,1030,2022-12-15,6
797,1030,2023-12-15,9
797,1030,2024-12-20,6
797,1030,2025-12-15,9
798,1031,2020-12-15,6
798,1031,2021-12-15,8
798,1031,2022-12-15,7
798,1031,2023-12-15,8
798,1031,2024-12-15,6
798,1031,2025-09-22,2
799,1032,2025-06-24,8
799,1032,2025-12-24,5
800,1033,2025-10-20,10
800,1033,2026-04-20,9
801,1034,2022-12-15,8
801,1034,2023-12-15,6
801,1034,2024-06-15,9
801,1034,2025-08-24,4
802,1035,2024-12-15,9
802,1035,2025-07-30,6
803,1036,2021-12-15,8
803,1036,2022-12-15,8
803,1036,2023-12-15,9
803,1036,2024-07-11,2
803,1036,2025-12-15,7
804,1037,2023-12-15,9
804,1037,2024-06-15,5
804,1037,2025-08-14,1
805,1038,2022-12-15,7
805,1038,2023-12-15,6
805,1038,2024-12-15,6
805,1038,2025-09-29,6
806,1039,2022-12-15,9
806,1039,2023-12-15,9
806,1039,2024-12-15,6
806,1039,2025-06-15,10
807,1040,2020-12-15,7
807,1040,2021-12-15,6
807,1040,2022-12-15,9
807,1040,2023-12-15,6
807,1040,2024-12-15,9
807,1040,2025-06-30,5
808,1041,2021-12-15,9
808,1041,2022-12-15,6
808,1041,2023-12-15,7
808,1041,2024-12-15,8
808,1041,2025-06-15,10
809,1042,2025-07-15,5
809,1042,2026-01-15,6
810,1043,2021-12-15,8
810,1043,2022-12-15,6
810,1043,2023-12-15,8
810,1043,2024-11-08,9
810,1043,2025-12-15,7
811,1044,2022-12-15,7
811,1044,2023-12-15,6
811,1044,2024-10-18,8
811,1044,2025-12-15,9
812,1045,2020-12-15,8
812,1045,2021-12-15,9
812,1045,2022-12-15,9
812,1045,2023-12-15,9
812,1045,2024-06-29,9
812,1045,2025-02-11,5
813,1046,2021-12-15,7
813,1046,2022-12-15,6
813,1046,2023-12-15,6
813,1046,2024-10-05,10
813,1046,2025-07-26,7
814,1047,2021-12-15,7
814,1047,2022-12-15,7
814,1047,2023-12-15,6
814,1047,2024-09-06,1
814,1047,2025-12-15,9
815,1048,2021-12-15,8
815,1048,2022-12-15,8
815,1048,2023-12-15,8
815,1048,2024-09-28,10
815,1048,2025-03-28,5
816,1049,2020-12-15,9
816,1049,2021-12-15,6
816,1049,2022-12-15,7
816,1049,2023-12-15,6
816,1049,2024-08-18,10
816,1049,2025-12-15,9
817,1050,2021-12-15,7
817,1050,2022-12-15,9
817,1050,2023-12-15,8
817,1050,2024-11-23,2
817,1050,2025-07-16,6
818,1051,2020-12-15,8
818,1051,2021-12-15,9
818,1051,2022-12-15,7
818,1051,2023-12-15,7
818,1051,2024-09-27,1
818,1051,2025-04-24,3
819,1052,2024-12-15,6
819,1052,2025-06-15,5
820,1053,2024-11-13,10
820,1053,2025-12-15,8
821,1054,2023-12-15,6
821,1054,2024-12-15,6
821,1054,2025-07-13,5
822,1055,2022-06-24,9
822,1055,2022-12-24,9
822,1055,2023-12-15,6
822,1055,2024-06-18,8
822,1055,2025-12-15,8
823,1056,2022-12-15,9
823,1056,2023-12-15,6
823,1056,2024-12-15,6
823,1056,2025-09-03,4
824,1057,2021-12-15,6
824,1057,2022-12-15,6
824,1057,2023-12-15,6
824,1057,2024-12-15,6
824,1057,2025-10-17,7
825,1058,2022-12-15,9
825,1058,2023-12-15,8
825,1058,2024-12-15,6
825,1058,2025-06-19,3
826,1000,2025-10-06,7
827,1001,2025-12-06,6
828,1002,2020-12-15,7
828,1002,2021-12-15,9
828,1002,2022-12-15,9
828,1002,2023-12-15,6
828,1002,2024-12-15,6
828,1002,2025-12-15,9
829,1003,2025-04-28,5
829,1003,2025-10-28,8
830,1004,2020-12-15,6
830,1004,2021-12-15,8
830,1004,2022-12-15,8
830,1004,2023-12-15,9
830,1004,2024-10-15,10
830,1004,2025-06-20,1
831,1005,2025-02-08,4
831,1005,2025-08-08,4
832,1006,2023-12-15,9
832,1006,2024-06-20,3
832,1006,2025-12-15,7
833,1007,2022-12-15,9
833,1007,2023-12-15,7
833,1007,2024-12-13,3
833,1007,2025-12-15,8
834,1008,2021-12-15,8
834,1008,2022-12-15,6
834,1008,2023-12-15,8
834,1008,2024-10-24,4
834,1008,2025-05-30,1
835,1009,2020-12-15,7
835,1009,2021-12-15,9
835,1009,2022-12-15,6
835,1009,2023-12-15,7
835,1009,2024-06-15,9
835,1009,2025-10-11,2
836,1010,2023-12-15,9
836,1010,2024-06-15,2
836,1010,2025-02-19,10
837,1011,2022-12-15,6
837,1011,2023-12-15,8
837,1011,2024-11-04,5
837,1011,2025-12-15,7
838,1012,2024-07-24,9
838,1012,2025-12-15,9
839,1013,2020-12-15,6
839,1013,2021-12-15,6
839,1013,2022-12-15,8
839,1013,2023-12-15,9
839,1013,2024-12-15,8
839,1013,2025-06-15,9
840,1014,2023-12-15,8
840,1014,2024-12-15,9
840,1014,2025-08-15,8
841,1015,2021-12-15,9
841,1015,2022-12-15,9
841,1015,2023-12-15,7
841,1015,2024-10-07,1
841,1015,2025-12-15,9
842,1016,2022-12-15,6
842,1016,2023-12-15,8
842,1016,2024-06-15,8
842,1016,2025-02-15,9
843,1017,2022-12-15,7
843,1017,2023-12-15,9
843,1017,2024-12-15,7
843,1017,2025-07-16,10
844,1018,2025-03-30,9
844,1018,2025-12-15,9
845,1019,2024-04-13,7
845,1019,2025-12-15,7
846,1020,2021-12-15,8
846,1020,2022-12-15,8
846,1020,2023-12-15,6
846,1020,2024-08-13,3
846,1020,2025-12-15,6
847,1021,2025-06-25,2
847,1021,2025-12-25,9
848,1022,2025-06-21,5
849,1023,2023-06-25,8
849,1023,2023-12-25,7
849,1023,2024-09-13,6
849,1023,2025-12-15,7
850,1024,2020-12-15,7
850,1024,2021-12-15,6
850,1024,2022-12-15,7
850,1024,2023-12-15,6
850,1024,2024-12-24,3
850,1024,2025-10-09,2
851,1025,2024-12-01,5
851,1025,2025-12-15,6
852,1026,2024-12-31,1
852,1026,2025-12-15,9
853,1027,2020-12-15,7
853,1027,2021-12-15,7
853,1027,2022-12-15,8
853,1027,2023-12-15,9
853,1027,2024-12-15,8
853,1027,2025-06-15,1
854,1028,2023-06-26,9
854,1028,2023-12-26,7
854,1028,2024-12-15,6
854,1028,2025-06-15,10
855,1029,2021-12-15,6
855,1029,2022-12-15,6
855,1029,2023-12-15,6
855,1029,2024-09-24,9
855,1029,2025-12-15,6
856,1030,2021-12-15,8
856,1030,2022-12-15,9
856,1030,2023-12-15,7
856,1030,2024-08-13,7
856,1030,2025-12-15,8
857,1031,2023-12-15,9
857,1031,2024-07-31,3
857,1031,2025-12-15,6
858,1032,2021-12-15,9
858,1032,2022-12-15,9
858,1032,2023-12-15,6
858,1032,2024-07-08,5
858,1032,2025-12-15,6
859,1033,2023-12-15,6
859,1033,2024-06-15,1
859,1033,2025-08-06,7
860,1034,2025-06-15,6
860,1034,2025-12-15,5
861,1035,2023-12-15,7
861,1035,2024-08-18,6
861,1035,2025-06-17,8
862,1036,2020-12-15,6
862,1036,2021-12-15,7
862,1036,2022-12-15,6
862,1036,2023-12-15,7
862,1036,2024-12-15,9
862,1036,2025-06-15,9
863,1037,2024-12-15,8
863,1037,2025-06-15,9
864,1038,2021-12-15,9
864,1038,2022-12-15,9
864,1038,2023-12-15,6
864,1038,2024-12-02,10
864,1038,2025-06-19,9
865,1039,2025-03-30,10
866,1040,2022-12-15,7
866,1040,2023-12-15,8
866,1040,2024-12-28,7
866,1040,2025-12-15,6
867,1041,2020-12-15,6
867,1041,2021-12-15,6
867,1041,2022-12-15,9
867,1041,2023-12-15,7
867,1041,2024-09-09,1
867,1041,2025-04-25,7
868,1042,2022-12-15,7
868,1042,2023-12-15,8
868,1042,2024-07-07,10
868,1042,2025-12-15,7
869,1043,2022-12-15,7
869,1043,2023-12-15,6
869,1043,2024-12-28,5
869,1043,2025-12-15,6
870,1044,2022-12-15,9
870,1044,2023-12-15,6
870,1044,2024-06-15,6
870,1044,2025-12-15,6
871,1045,2020-12-15,6
871,1045,2021-12-15,6
871,1045,2022-12-15,9
871,1045,2023-12-15,6
871,1045,2024-09-16,10
871,1045,2025-03-29,7
872,1046,2023-12-15,8
872,1046,2024-06-15,5
872,1046,2025-12-15,8
873,1047,2020-12-15,8
873,1047,2021-12-15,8
873,1047,2022-12-15,6
873,1047,2023-12-15,8
873,1047,2024-09-23,9
873,1047,2025-12-15,6
874,1048,2020-12-15,9
874,1048,2021-12-15,8
874,1048,2022-12-15,7
874,1048,2023-12-15,8
874,1048,2024-12-15,8
874,1048,2025-07-30,3
875,1049,2022-12-15,6
875,1049,2023-12-15,8
875,1049,2024-12-15,8
875,1049,2025-06-15,2
876,1050,2020-12-15,7
876,1050,2021-12-15,6
876,1050,2022-12-15,6
876,1050,2023-12-15,9
876,1050,2024-11-25,2
876,1050,2025-12-15,9
877,1051,2025-09-05,4
877,1051,2026-03-05,7
878,1052,2022-12-15,8
878,1052,2023-12-15,9
878,1052,2024-12-09,2
878,1052,2025-12-15,9
879,1053,2021-12-15,9
879,1053,2022-12-15,6
879,1053,2023-12-15,6
879,1053,2024-12-15,6
879,1053,2025-06-15,10
880,1054,2023-12-15,9
880,1054,2024-12-15,6
880,1054,2025-06-15,7
881,1055,2023-12-15,9
881,1055,2024-12-06,1
881,1055,2025-12-15,6
882,1056,2023-12-15,6
882,1056,2024-12-15,7
882,1056,2025-08-25,8
883,1057,2025-10-27,2
883,1057,2026-04-27,8
884,1058,2024-07-15,5
884,1058,2025-04-23,3
885,1000,2024-12-28,8
885,1000,2025-06-28,10
886,1001,2020-12-15,9
886,1001,2021-12-15,7
886,1001,2022-12-15,6
886,1001,2023-12-15,9
886,1001,2024-12-15,6
886,1001,2025-07-15,7
887,1002,2022-12-15,8
887,1002,2023-12-15,7
887,1002,2024-06-15,7
887,1002,2025-03-07,7
888,1003,2025-07-31,8
888,1003,2026-01-31,8
889,1004,2021-12-15,7
889,1004,2022-12-15,6
889,1004,2023-12-15,8
889,1004,2024-08-04,1
889,1004,2025-07-29,4
890,1005,2023-06-30,8
890,1005,2023-12-30,6
890,1005,2024-06-30,6
890,1005,2025-12-15,8
891,1006,2021-12-15,9
891,1006,2022-12-15,7
891,1006,2023-12-15,7
891,1006,2024-06-15,2
891,1006,2025-02-09,9
892,1007,2024-12-15,7
892,1007,2025-09-04,1
893,1008,2023-12-15,9
893,1008,2024-12-15,7
893,1008,2025-10-01,2
894,1009,2020-12-15,6
894,1009,2021-12-15,8
894,1009,2022-12-15,9
894,1009,2023-12-15,7
894,1009,2024-09-28,3
894,1009,2025-04-10,7
895,1010,2025-08-23,10
896,1011,2022-12-15,6
896,1011,2023-12-15,8
896,1011,2024-08-24,2
896,1011,2025-12-15,8
897,1012,2021-12-15,9
897,1012,2022-12-15,9
897,1012,2023-12-15,9
897,1012,2024-06-15,2
897,1012,2025-10-03,7
898,1013,2025-07-28,3
899,1014,2024-09-16,4
899,1014,2025-07-11,7
900,1015,2023-12-15,6
900,1015,2024-06-15,5
900,1015,2025-01-11,1
901,1016,2021-12-15,6
901,1016,2022-12-15,9
901,1016,2023-12-15,7
901,1016,2024-12-15,8
901,1016,2025-06-15,9
902,1017,2021-12-15,8
902,1017,2022-12-15,6
902,1017,2023-12-15,8
902,1017,2024-12-15,7
902,1017,2025-07-04,9
903,1018,2021-12-15,8
903,1018,2022-12-15,6
903,1018,2023-12-15,6
903,1018,2024-12-15,7
903,1018,2025-06-19,10
904,1019,2025-08-17,9
904,1019,2026-02-17,7
905,1020,2021-12-15,8
905,1020,2022-12-15,8
905,1020,2023-12-15,6
905,1020,2024-08-26,4
905,1020,2025-08-12,7
906,1021,2022-12-15,7
906,1021,2023-12-15,7
906,1021,2024-12-15,7
906,1021,2025-07-18,5
907,1022,2022-12-15,8
907,1022,2023-12-15,7
907,1022,2024-12-27,3
907,1022,2025-06-27,1
908,1023,2023-12-15,6
908,1023,2024-12-15,6
908,1023,2025-06-15,2
909,1024,2024-12-15,8
909,1024,2025-07-21,4
910,1025,2024-04-01,2
910,1025,2025-03-03,5
911,1026,2020-12-15,9
911,1026,2021-12-15,8
911,1026,2022-12-15,9
911,1026,2023-12-15,7
911,1026,2024-12-15,8
911,1026,2025-06-15,9
912,1027,2020-12-15,6
912,1027,2021-12-15,7
912,1027,2022-12-15,6
912,1027,2023-12-15,7
912,1027,2024-09-27,1
912,1027,2025-12-15,8
913,1028,2021-12-15,9
913,1028,2022-12-15,7
913,1028,2023-12-15,9
913,1028,2024-12-06,9
913,1028,2025-12-15,7
914,1029,2023-12-15,6
914,1029,2024-07-02,1
914,1029,2025-12-15,6
915,1030,2022-12-15,7
915,1030,2023-12-15,9
915,1030,2024-06-15,8
915,1030,2025-07-01,9
916,1031,2024-12-15,8
916,1031,2025-07-16,4
917,1032,2024-08-13,5
917,1032,2025-12-15,8
918,1033,2021-06-19,6
918,1033,2021-12-19,8
918,1033,2022-12-15,6
918,1033,2023-12-15,8
918,1033,2024-06-15,5
918,1033,2025-01-24,6
919,1034,2025-02-10,7
919,1034,2025-12-15,7
920,1035,2021-12-15,6
920,1035,2022-12-15,6
920,1035,2023-12-15,7
920,1035,2024-06-15,8
920,1035,2025-12-15,6
921,1036,2023-12-15,8
921,1036,2024-06-29,8
921,1036,2025-12-15,8
922,1037,2021-12-15,6
922,1037,2022-12-15,8
922,1037,2023-12-15,9
922,1037,2024-10-29,2
922,1037,2025-12-15,6
923,1038,2023-12-15,7
923,1038,2024-11-19,7
923,1038,2025-06-25,4
924,1039,2025-04-26,4
925,1040,2025-06-15,4
925,1040,2025-12-15,9
926,1041,2020-12-15,6
926,1041,2021-12-15,7
926,1041,2022-12-15,8
926,1041,2023-12-15,7
926,1041,2024-12-15,9
926,1041,2025-06-25,5
927,1042,2024-12-15,8
927,1042,2025-06-15,3
928,1043,2021-12-15,6
928,1043,2022-12-15,8
928,1043,2023-12-15,6
928,1043,2024-09-28,10
928,1043,2025-05-16,2
929,1044,2022-12-15,6
929,1044,2023-12-15,7
929,1044,2024-12-15,7
929,1044,2025-10-12,9
930,1045,2020-12-15,7
930,1045,2021-12-15,9
930,1045,2022-12-15,9
930,1045,2023-12-15,7
930,1045,2024-12-15,9
930,1045,2025-07-14,1
931,1046,2023-12-15,8
931,1046,2024-06-16,10
931,1046,2025-12-15,8
932,1047,2024-10-07,6
932,1047,2025-08-09,8
933,1048,2020-12-15,9
933,1048,2021-12-15,9
933,1048,2022-12-15,8
933,1048,2023-12-15,6
933,1048,2024-06-27,5
933,1048,2025-06-18,5
934,1049,2020-12-15,8
934,1049,2021-12-15,8
934,1049,2022-12-15,9
934,1049,2023-12-15,8
934,1049,2024-06-15,7
934,1049,2025-12-15,9
935,1050,2020-12-15,9
935,1050,2021-12-15,7
935,1050,2022-12-15,8
935,1050,2023-12-15,6
935,1050,2024-12-22,1
935,1050,2025-12-15,7
936,1051,2025-05-01,3
936,1051,2025-12-15,9
937,1052,2021-12-15,9
937,1052,2022-12-15,6
937,1052,2023-12-15,9
937,1052,2024-12-09,10
937,1052,2025-06-09,4
938,1053,2021-12-15,8
938,1053,2022-12-15,7
938,1053,2023-12-15,9
938,1053,2024-12-15,9
938,1053,2025-10-10,1
939,1054,2021-12-15,6
939,1054,2022-12-15,8
939,1054,2023-12-15,9
939,1054,2024-06-15,3
939,1054,2025-04-23,2
940,1055,2023-12-15,6
940,1055,2024-08-23,2
940,1055,2025-02-23,1
941,1056,2024-05-19,3
941,1056,2025-12-15,9
942,1057,2022-12-15,6
942,1057,2023-12-15,6
942,1057,2024-06-15,3
942,1057,2025-08-31,6
943,1058,2022-12-15,8
943,1058,2023-12-15,9
943,1058,2024-07-23,8
943,1058,2025-09-16,9
944,1000,2023-12-15,8
944,1000,2024-12-15,6
944,1000,2025-06-15,9
945,1001,2025-04-22,5
945,1001,2025-12-15,7
946,1002,2020-12-15,9
946,1002,2021-12-15,7
946,1002,2022-12-15,9
946,1002,2023-12-15,8
946,1002,2024-07-19,2
946,1002,2025-08-13,9
947,1003,2024-09-18,8
947,1003,2025-12-15,8
948,1004,2022-12-15,8
948,1004,2023-12-15,8
948,1004,2024-12-12,3
948,1004,2025-12-15,8
949,1005,2024-12-15,7
949,1005,2025-10-02,9
950,1006,2023-12-15,8
950,1006,2024-12-15,6
950,1006,2025-06-15,3
951,1007,2025-09-04,9
952,1008,2023-12-15,6
952,1008,2024-06-15,2
952,1008,2025-12-15,7
953,1009,2022-12-15,9
953,1009,2023-12-15,6
953,1009,2024-12-15,9
953,1009,2025-06-23,10
954,1010,2022-12-15,7
954,1010,2023-12-15,9
954,1010,2024-06-15,9
954,1010,2025-12-15,9
955,1011,2020-12-15,9
955,1011,2021-12-15,9
955,1011,2022-12-15,7
955,1011,2023-12-15,6
955,1011,2024-12-15,8
955,1011,2025-06-25,8
956,1012,2023-12-15,9
956,1012,2024-12-15,6
956,1012,2025-06-15,5
957,1013,2023-12-15,6
957,1013,2024-12-15,7
957,1013,2025-08-19,2
958,1014,2023-12-15,6
958,1014,2024-12-26,6
958,1014,2025-06-26,8
959,1015,2023-12-15,7
959,1015,2024-06-15,8
959,1015,2025-12-15,9
960,1016,2024-07-13,5
960,1016,2025-12-15,9
961,1017,2024-12-15,8
961,1017,2025-09-29,10
962,1018,2020-12-15,8
962,1018,2021-12-15,8
962,1018,2022-12-15,6
962,1018,2023-12-15,9
962,1018,2024-10-30,6
962,1018,2025-08-07,2
963,1019,2021-12-15,7
963,1019,2022-12-15,8
963,1019,2023-12-15,7
963,1019,2024-12-16,5
963,1019,2025-12-15,7
964,1020,2023-12-15,8
964,1020,2024-12-15,9
964,1020,2025-06-15,1
965,1021,2022-12-15,8
965,1021,2023-12-15,7
965,1021,2024-12-15,8
965,1021,2025-07-24,2
966,1022,2023-12-15,7
966,1022,2024-12-15,7
966,1022,2025-06-15,8
967,1023,2023-12-15,8
967,1023,2024-07-03,10
967,1023,2025-12-15,6
968,1024,2025-02-15,8
968,1024,2025-08-15,3
969,1025,2023-12-15,8
969,1025,2024-10-01,8
969,1025,2025-12-15,6
970,1026,2024-06-16,7
970,1026,2024-12-16,7
970,1026,2025-06-16,2
971,1027,2022-12-15,6
971,1027,2023-12-15,7
971,1027,2024-11-26,8
971,1027,2025-10-11,1
972,1028,2025-08-11,8
972,1028,2026-02-11,6
973,1029,2023-12-15,6
973,1029,2024-12-03,3
973,1029,2025-12-15,6
974,1030,2023-12-15,7
974,1030,2024-12-15,9
974,1030,2025-07-08,1
975,1031,2025-09-24,9
975,1031,2026-03-24,6
976,1032,2020-12-15,8
976,1032,2021-12-15,8
976,1032,2022-12-15,7
976,1032,2023-12-15,9
976,1032,2024-06-15,9
976,1032,2025-12-15,7
977,1033,2023-12-15,9
977,1033,2024-12-25,5
977,1033,2025-06-25,10
978,1034,2024-12-15,6
978,1034,2025-06-18,4
979,1035,2023-06-24,6
979,1035,2023-12-24,6
979,1035,2024-12-15,6
979,1035,2025-06-15,6
980,1036,2021-12-15,8
980,1036,2022-12-15,8
980,1036,2023-12-15,7
980,1036,2024-12-15,9
980,1036,2025-09-27,5
981,1037,2020-12-15,6
981,1037,2021-12-15,6
981,1037,2022-12-15,9
981,1037,2023-12-15,9
981,1037,2024-12-15,7
981,1037,2025-06-15,10
982,1038,2022-12-15,9
982,1038,2023-12-15,6
982,1038,2024-12-15,6
982,1038,2025-06-15,9
983,1039,2025-11-04,7
983,1039,2026-05-04,6
984,1040,2025-08-02,10
985,1041,2024-12-15,6
985,1041,2025-09-29,10
986,1042,2024-12-15,6
986,1042,2025-09-18,7
987,1043,2020-12-15,7
987,1043,2021-12-15,6
987,1043,2022-12-15,7
987,1043,2023-12-15,6
987,1043,2024-06-15,2
987,1043,2025-04-06,4
988,1044,2025-10-13,2
989,1045,2022-12-15,8
989,1045,2023-12-15,8
989,1045,2024-11-28,2
989,1045,2025-05-28,7
990,1046,2021-12-15,8
990,1046,2022-12-15,8
990,1046,2023-12-15,7
990,1046,2024-06-15,1
990,1046,2025-12-15,7
991,1047,2022-12-15,9
991,1047,2023-12-15,6
991,1047,2024-12-15,8
991,1047,2025-07-13,9
992,1048,2020-12-15,7
992,1048,2021-12-15,6
992,1048,2022-12-15,6
992,1048,2023-12-15,7
992,1048,2024-09-20,8
992,1048,2025-06-15,2
993,1049,2020-12-15,8
993,1049,2021-12-15,9
993,1049,2022-12-15,6
993,1049,2023-12-15,9
993,1049,2024-12-15,8
993,1049,2025-06-15,8
994,1050,2024-12-15,8
994,1050,2025-06-15,3
995,1051,2024-12-15,9
995,1051,2025-09-04,3
996,1052,2024-12-15,8
996,1052,2025-06-15,7
997,1053,2020-12-15,6
997,1053,2021-12-15,9
997,1053,2022-12-15,8
997,1053,2023-12-15,9
997,1053,2024-06-15,10
997,1053,2025-12-15,6
998,1054,2025-04-23,9
999,1055,2020-12-15,8
999,1055,2021-12-15,6
999,1055,2022-12-15,8
999,1055,2023-12-15,7
999,1055,2024-12-15,8
999,1055,2025-06-15,2
1000,1056,2022-12-15,9
1000,1056,2023-12-15,8
1000,1056,2024-12-15,6
1000,1056,2025-06-15,5
