employee_id,request_date,pto_type,start_date,end_date,approved,reason
409,2024-12-25,Personal,2025-01-08,2025-01-13,True,Illness
639,2024-05-10,Jury Duty,2024-05-24,2024-05-29,False,Family
154,2025-06-21,Parental,2025-07-05,2025-07-10,True,Travel
154,2025-04-20,Vacation,2025-05-04,2025-05-09,True,Travel
968,2024-09-11,Personal,2024-09-25,2024-09-30,True,Family
99,2025-07-03,Personal,2025-07-17,2025-07-22,True,Travel
945,2025-03-16,Jury Duty,2025-03-30,2025-04-04,True,Appointment
945,2024-11-22,Parental,2024-12-06,2024-12-11,True,Illness
277,2025-09-15,Parental,2025-09-29,2025-10-04,False,Other
546,2025-03-07,Parental,2025-03-21,2025-03-26,True,Family
84,2025-06-22,Sick,2025-07-06,2025-07-11,True,Appointment
755,2024-04-16,Parental,2024-04-30,2024-05-05,False,Appointment
755,2024-06-26,Personal,2024-07-10,2024-07-15,True,Other
646,2025-03-01,Personal,2025-03-15,2025-03-20,True,Illness
646,2025-04-17,Parental,2025-05-01,2025-05-06,True,Travel
399,2024-07-21,Jury Duty,2024-08-04,2024-08-09,True,Travel
399,2025-01-15,Sick,2025-01-29,2025-02-03,True,Family
886,2025-09-17,Vacation,2025-10-01,2025-10-06,True,Travel
977,2025-07-28,Jury Duty,2025-08-11,2025-08-16,False,Other
716,2025-09-29,Personal,2025-10-13,2025-10-18,False,Family
716,2024-12-05,Parental,2024-12-19,2024-12-24,True,Other
377,2025-08-28,Sick,2025-09-11,2025-09-16,True,Appointment
237,2025-02-17,Parental,2025-03-03,2025-03-08,True,Other
237,2025-04-04,Vacation,2025-04-18,2025-04-23,True,Appointment
471,2024-06-06,Sick,2024-06-20,2024-06-25,True,Other
301,2024-10-31,Parental,2024-11-14,2024-11-19,True,Family
301,2024-11-18,Sick,2024-12-02,2024-12-07,False,Other
758,2024-05-07,Sick,2024-05-21,2024-05-26,True,Illness
758,2025-05-21,Parental,2025-06-04,2025-06-09,True,Illness
971,2024-07-10,Personal,2024-07-24,2024-07-29,True,Illness
326,2024-05-11,Parental,2024-05-25,2024-05-30,True,Family
423,2024-07-07,Vacation,2024-07-21,2024-07-26,False,Appointment
423,2025-08-30,Vacation,2025-09-13,2025-09-18,True,Travel
130,2024-06-26,Sick,2024-07-10,2024-07-15,False,Family
282,2024-10-29,Sick,2024-11-12,2024-11-17,True,Travel
851,2025-06-04,Parental,2025-06-18,2025-06-23,False,Travel
851,2024-11-22,Vacation,2024-12-06,2024-12-11,True,Illness
620,2024-09-07,Sick,2024-09-21,2024-09-26,True,Family
620,2024-04-02,Parental,2024-04-16,2024-04-21,True,Travel
511,2024-08-18,Personal,2024-09-01,2024-09-06,True,Family
763,2024-10-31,Parental,2024-11-14,2024-11-19,True,Family
763,2024-06-09,Personal,2024-06-23,2024-06-28,True,Family
826,2025-08-25,Vacation,2025-09-08,2025-09-13,True,Travel
826,2025-04-17,Personal,2025-05-01,2025-05-06,True,Illness
24,2025-04-22,Jury Duty,2025-05-06,2025-05-11,True,Other
24,2025-04-22,Personal,2025-05-06,2025-05-11,True,Travel
787,2024-09-09,Sick,2024-09-23,2024-09-28,True,Appointment
787,2025-02-19,Sick,2025-03-05,2025-03-10,True,Family
180,2024-10-18,Sick,2024-11-01,2024-11-06,False,Other
67,2025-10-17,Jury Duty,2025-10-31,2025-11-05,True,Family
599,2025-04-11,Jury Duty,2025-04-25,2025-04-30,True,Other
987,2025-07-23,Jury Duty,2025-08-06,2025-08-11,False,Travel
987,2024-08-22,Sick,2024-09-05,2024-09-10,True,Illness
36,2025-03-18,Vacation,2025-04-01,2025-04-06,False,Travel
855,2024-09-14,Parental,2024-09-28,2024-10-03,True,Travel
855,2024-11-06,Jury Duty,2024-11-20,2024-11-25,True,Other
104,2025-01-18,Sick,2025-02-01,2025-02-06,True,Illness
632,2025-03-15,Sick,2025-03-29,2025-04-03,False,Family
632,2024-09-29,Jury Duty,2024-10-13,2024-10-18,False,Family
392,2024-05-02,Jury Duty,2024-05-16,2024-05-21,True,Travel
392,2024-06-28,Vacation,2024-07-12,2024-07-17,False,Other
384,2025-04-22,Personal,2025-05-06,2025-05-11,False,Appointment
907,2024-12-25,Personal,2025-01-08,2025-01-13,False,Appointment
265,2024-06-02,Jury Duty,2024-06-16,2024-06-21,True,Travel
159,2025-10-19,Parental,2025-11-02,2025-11-07,True,Appointment
159,2024-09-03,Sick,2024-09-17,2024-09-22,True,Family
136,2024-05-02,Vacation,2024-05-16,2024-05-21,True,Travel
136,2024-09-01,Jury Duty,2024-09-15,2024-09-20,True,Family
488,2024-10-06,Vacation,2024-10-20,2024-10-25,True,Illness
488,2025-04-18,Parental,2025-05-02,2025-05-07,True,Illness
722,2025-04-02,Sick,2025-04-16,2025-04-21,True,Travel
722,2025-01-31,Personal,2025-02-14,2025-02-19,True,Appointment
833,2025-04-26,Parental,2025-05-10,2025-05-15,True,Illness
833,2025-05-10,Parental,2025-05-24,2025-05-29,True,Other
125,2025-05-15,Parental,2025-05-29,2025-06-03,True,Appointment
125,2025-04-14,Sick,2025-04-28,2025-05-03,True,Illness
768,2024-06-13,Sick,2024-06-27,2024-07-02,True,Other
695,2024-09-18,Jury Duty,2024-10-02,2024-10-07,True,Family
695,2024-08-29,Personal,2024-09-12,2024-09-17,True,Appointment
746,2025-04-28,Jury Duty,2025-05-12,2025-05-17,True,Family
243,2025-08-21,Parental,2025-09-04,2025-09-09,True,Family
297,2024-05-10,Personal,2024-05-24,2024-05-29,True,Family
297,2024-04-10,Vacation,2024-04-24,2024-04-29,False,Appointment
352,2024-05-22,Vacation,2024-06-05,2024-06-10,True,Other
352,2025-08-12,Vacation,2025-08-26,2025-08-31,True,Family
608,2024-06-17,Parental,2024-07-01,2024-07-06,False,Other
252,2025-01-14,Jury Duty,2025-01-28,2025-02-02,True,Family
252,2024-06-22,Jury Duty,2024-07-06,2024-07-11,False,Illness
205,2025-08-04,Personal,2025-08-18,2025-08-23,True,Other
932,2025-05-13,Sick,2025-05-27,2025-06-01,True,Travel
932,2024-12-08,Parental,2024-12-22,2024-12-27,True,Family
770,2024-12-02,Vacation,2024-12-16,2024-12-21,False,Other
770,2025-05-17,Personal,2025-05-31,2025-06-05,True,Travel
880,2025-06-19,Jury Duty,2025-07-03,2025-07-08,False,Travel
29,2024-09-23,Parental,2024-10-07,2024-10-12,True,Illness
29,2024-10-17,Parental,2024-10-31,2024-11-05,True,Family
491,2024-12-09,Jury Duty,2024-12-23,2024-12-28,True,Travel
491,2024-09-12,Sick,2024-09-26,2024-10-01,True,Other
627,2024-12-20,Sick,2025-01-03,2025-01-08,False,Illness
627,2025-09-19,Sick,2025-10-03,2025-10-08,True,Travel
799,2025-01-24,Parental,2025-02-07,2025-02-12,False,Family
799,2025-03-21,Vacation,2025-04-04,2025-04-09,True,Other
965,2025-05-19,Vacation,2025-06-02,2025-06-07,True,Travel
965,2024-07-19,Parental,2024-08-02,2024-08-07,True,Illness
166,2024-06-11,Parental,2024-06-25,2024-06-30,True,Illness
446,2025-06-13,Jury Duty,2025-06-27,2025-07-02,True,Other
446,2024-03-24,Jury Duty,2024-04-07,2024-04-12,True,Travel
890,2025-04-16,Vacation,2025-04-30,2025-05-05,True,Illness
710,2025-06-07,Vacation,2025-06-21,2025-06-26,True,Travel
710,2024-05-11,Parental,2024-05-25,2024-05-30,True,Illness
887,2025-01-08,Personal,2025-01-22,2025-01-27,True,Appointment
887,2025-03-08,Vacation,2025-03-22,2025-03-27,True,Illness
428,2025-04-08,Vacation,2025-04-22,2025-04-27,True,Illness
428,2025-07-01,Parental,2025-07-15,2025-07-20,True,Family
717,2025-07-07,Jury Duty,2025-07-21,2025-07-26,False,Family
151,2025-07-19,Vacation,2025-08-02,2025-08-07,False,Appointment
151,2025-04-10,Jury Duty,2025-04-24,2025-04-29,False,Other
361,2024-04-16,Personal,2024-04-30,2024-05-05,True,Family
891,2024-06-07,Personal,2024-06-21,2024-06-26,False,Illness
891,2025-06-03,Sick,2025-06-17,2025-06-22,True,Other
336,2024-03-27,Parental,2024-04-10,2024-04-15,True,Family
189,2024-10-09,Personal,2024-10-23,2024-10-28,False,Travel
805,2025-07-17,Jury Duty,2025-07-31,2025-08-05,True,Illness
805,2025-06-18,Vacation,2025-07-02,2025-07-07,False,Illness
480,2025-03-25,Jury Duty,2025-04-08,2025-04-13,False,Other
480,2025-06-09,Jury Duty,2025-06-23,2025-06-28,False,Illness
374,2024-05-24,Personal,2024-06-07,2024-06-12,True,Family
322,2024-09-16,Parental,2024-09-30,2024-10-05,True,Appointment
322,2025-09-20,Sick,2025-10-04,2025-10-09,True,Appointment
637,2024-10-27,Sick,2024-11-10,2024-11-15,False,Other
637,2025-04-09,Parental,2025-04-23,2025-04-28,True,Appointment
165,2025-08-08,Personal,2025-08-22,2025-08-27,False,Illness
165,2024-05-13,Sick,2024-05-27,2024-06-01,True,Other
705,2025-04-20,Personal,2025-05-04,2025-05-09,True,Other
705,2024-09-27,Sick,2024-10-11,2024-10-16,True,Other
671,2025-10-04,Vacation,2025-10-18,2025-10-23,False,Appointment
142,2025-01-29,Vacation,2025-02-12,2025-02-17,True,Other
142,2024-11-23,Vacation,2024-12-07,2024-12-12,True,Other
270,2025-08-23,Parental,2025-09-06,2025-09-11,True,Travel
525,2024-07-10,Jury Duty,2024-07-24,2024-07-29,True,Family
525,2025-09-19,Vacation,2025-10-03,2025-10-08,True,Other
298,2025-02-18,Sick,2025-03-04,2025-03-09,True,Appointment
298,2025-07-22,Parental,2025-08-05,2025-08-10,True,Appointment
718,2024-12-07,Vacation,2024-12-21,2024-12-26,True,Illness
95,2025-07-13,Parental,2025-07-27,2025-08-01,True,Illness
404,2025-06-11,Personal,2025-06-25,2025-06-30,True,Appointment
404,2024-10-17,Sick,2024-10-31,2024-11-05,True,Other
170,2025-08-31,Jury Duty,2025-09-14,2025-09-19,True,Illness
26,2024-04-11,Jury Duty,2024-04-25,2024-04-30,False,Travel
26,2025-05-17,Personal,2025-05-31,2025-06-05,True,Illness
835,2024-03-28,Personal,2024-04-11,2024-04-16,False,Other
333,2024-10-14,Vacation,2024-10-28,2024-11-02,True,Travel
333,2025-06-07,Jury Duty,2025-06-21,2025-06-26,True,Family
523,2025-06-04,Parental,2025-06-18,2025-06-23,True,Illness
523,2025-06-04,Sick,2025-06-18,2025-06-23,True,Travel
70,2025-05-16,Personal,2025-05-30,2025-06-04,True,Illness
901,2025-07-05,Sick,2025-07-19,2025-07-24,False,Family
497,2025-08-08,Jury Duty,2025-08-22,2025-08-27,False,Travel
452,2024-06-11,Personal,2024-06-25,2024-06-30,True,Illness
373,2024-05-02,Parental,2024-05-16,2024-05-21,True,Other
373,2024-11-07,Jury Duty,2024-11-21,2024-11-26,True,Appointment
869,2024-11-15,Vacation,2024-11-29,2024-12-04,True,Travel
869,2024-11-12,Parental,2024-11-26,2024-12-01,True,Illness
268,2025-06-12,Jury Duty,2025-06-26,2025-07-01,True,Other
268,2025-06-12,Personal,2025-06-26,2025-07-01,True,Family
822,2025-01-03,Personal,2025-01-17,2025-01-22,True,Illness
644,2025-02-05,Jury Duty,2025-02-19,2025-02-24,True,Other
356,2024-09-10,Personal,2024-09-24,2024-09-29,True,Family
356,2025-05-23,Sick,2025-06-06,2025-06-11,False,Illness
23,2025-08-19,Sick,2025-09-02,2025-09-07,True,Family
391,2024-11-24,Parental,2024-12-08,2024-12-13,True,Other
216,2024-06-10,Personal,2024-06-24,2024-06-29,True,Travel
216,2025-03-04,Vacation,2025-03-18,2025-03-23,True,Illness
623,2025-04-21,Jury Duty,2025-05-05,2025-05-10,True,Travel
623,2024-07-30,Vacation,2024-08-13,2024-08-18,False,Family
760,2025-08-23,Parental,2025-09-06,2025-09-11,True,Travel
760,2025-07-03,Jury Duty,2025-07-17,2025-07-22,True,Family
204,2025-03-17,Sick,2025-03-31,2025-04-05,True,Other
306,2025-03-04,Vacation,2025-03-18,2025-03-23,True,Illness
43,2024-07-26,Jury Duty,2024-08-09,2024-08-14,False,Family
43,2025-03-19,Vacation,2025-04-02,2025-04-07,True,Illness
894,2025-02-16,Vacation,2025-03-02,2025-03-07,True,Travel
894,2024-09-21,Parental,2024-10-05,2024-10-10,False,Other
962,2025-09-02,Vacation,2025-09-16,2025-09-21,False,Travel
962,2024-12-14,Vacation,2024-12-28,2025-01-02,True,Other
245,2025-07-19,Jury Duty,2025-08-02,2025-08-07,False,Illness
245,2025-09-28,Parental,2025-10-12,2025-10-17,True,Family
517,2024-11-20,Vacation,2024-12-04,2024-12-09,True,Illness
233,2025-02-09,Jury Duty,2025-02-23,2025-02-28,True,Family
233,2024-04-14,Personal,2024-04-28,2024-05-03,False,Other
714,2025-05-29,Sick,2025-06-12,2025-06-17,True,Travel
714,2025-01-19,Personal,2025-02-02,2025-02-07,True,Appointment
713,2024-10-19,Parental,2024-11-02,2024-11-07,True,Illness
713,2024-10-13,Sick,2024-10-27,2024-11-01,True,Appointment
121,2025-01-01,Personal,2025-01-15,2025-01-20,True,Other
121,2025-07-27,Sick,2025-08-10,2025-08-15,True,Other
766,2024-06-02,Parental,2024-06-16,2024-06-21,True,Illness
766,2024-12-04,Sick,2024-12-18,2024-12-23,True,Travel
884,2024-10-13,Jury Duty,2024-10-27,2024-11-01,True,Illness
884,2025-04-16,Sick,2025-04-30,2025-05-05,True,Appointment
572,2025-02-23,Jury Duty,2025-03-09,2025-03-14,True,Family
572,2024-09-12,Vacation,2024-09-26,2024-10-01,True,Appointment
864,2024-09-11,Sick,2024-09-25,2024-09-30,False,Appointment
795,2025-05-17,Sick,2025-05-31,2025-06-05,True,Appointment
795,2025-05-17,Sick,2025-05-31,2025-06-05,True,Appointment
741,2024-07-21,Sick,2024-08-04,2024-08-09,True,Illness
858,2024-07-28,Sick,2024-08-11,2024-08-16,True,Travel
676,2025-09-22,Sick,2025-10-06,2025-10-11,True,Family
676,2024-03-28,Personal,2024-04-11,2024-04-16,True,Other
538,2024-05-12,Personal,2024-05-26,2024-05-31,True,Travel
538,2024-07-12,Parental,2024-07-26,2024-07-31,True,Appointment
134,2025-05-24,Personal,2025-06-07,2025-06-12,True,Illness
729,2024-11-18,Vacation,2024-12-02,2024-12-07,True,Travel
172,2025-03-04,Sick,2025-03-18,2025-03-23,True,Appointment
467,2024-04-25,Jury Duty,2024-05-09,2024-05-14,True,Other
467,2025-07-16,Personal,2025-07-30,2025-08-04,False,Travel
764,2025-06-07,Jury Duty,2025-06-21,2025-06-26,True,Family
956,2024-12-12,Personal,2024-12-26,2024-12-31,False,Travel
220,2024-12-16,Personal,2024-12-30,2025-01-04,False,Family
267,2025-10-06,Personal,2025-10-20,2025-10-25,True,Family
972,2025-03-14,Parental,2025-03-28,2025-04-02,False,Travel
494,2024-09-15,Parental,2024-09-29,2024-10-04,False,Appointment
776,2024-05-18,Jury Duty,2024-06-01,2024-06-06,True,Illness
776,2025-03-27,Parental,2025-04-10,2025-04-15,True,Appointment
410,2025-05-15,Personal,2025-05-29,2025-06-03,True,Family
959,2025-02-08,Vacation,2025-02-22,2025-02-27,False,Travel
959,2024-12-23,Parental,2025-01-06,2025-01-11,True,Family
643,2024-08-15,Parental,2024-08-29,2024-09-03,False,Appointment
643,2025-07-14,Parental,2025-07-28,2025-08-02,True,Other
364,2024-12-05,Personal,2024-12-19,2024-12-24,True,Family
364,2024-05-02,Jury Duty,2024-05-16,2024-05-21,True,Family
127,2025-02-17,Sick,2025-03-03,2025-03-08,False,Appointment
745,2025-03-24,Personal,2025-04-07,2025-04-12,False,Family
745,2025-09-05,Sick,2025-09-19,2025-09-24,True,Travel
470,2025-08-21,Parental,2025-09-04,2025-09-09,False,Travel
58,2025-03-15,Vacation,2025-03-29,2025-04-03,True,Appointment
58,2025-01-14,Personal,2025-01-28,2025-02-02,True,Family
993,2024-12-11,Jury Duty,2024-12-25,2024-12-30,True,Family
993,2024-04-19,Parental,2024-05-03,2024-05-08,False,Family
548,2025-02-14,Sick,2025-02-28,2025-03-05,False,Appointment
548,2024-06-20,Jury Duty,2024-07-04,2024-07-09,True,Travel
450,2024-09-22,Personal,2024-10-06,2024-10-11,True,Appointment
450,2024-09-18,Parental,2024-10-02,2024-10-07,True,Other
6,2025-09-24,Jury Duty,2025-10-08,2025-10-13,True,Appointment
6,2025-03-23,Jury Duty,2025-04-06,2025-04-11,True,Other
144,2025-03-17,Jury Duty,2025-03-31,2025-04-05,True,Family
223,2024-12-18,Jury Duty,2025-01-01,2025-01-06,False,Family
223,2024-12-01,Parental,2024-12-15,2024-12-20,True,Family
456,2025-06-30,Vacation,2025-07-14,2025-07-19,True,Appointment
490,2024-11-18,Parental,2024-12-02,2024-12-07,True,Other
490,2024-12-05,Sick,2024-12-19,2024-12-24,True,Travel
831,2025-01-05,Vacation,2025-01-19,2025-01-24,True,Appointment
831,2025-07-29,Parental,2025-08-12,2025-08-17,False,Illness
463,2024-05-17,Parental,2024-05-31,2024-06-05,True,Illness
730,2024-07-11,Vacation,2024-07-25,2024-07-30,True,Illness
730,2025-01-27,Personal,2025-02-10,2025-02-15,True,Travel
878,2025-10-15,Parental,2025-10-29,2025-11-03,True,Other
878,2024-09-02,Personal,2024-09-16,2024-09-21,True,Family
31,2025-04-18,Parental,2025-05-02,2025-05-07,False,Travel
9,2025-08-18,Parental,2025-09-01,2025-09-06,True,Travel
9,2025-04-27,Personal,2025-05-11,2025-05-16,False,Appointment
272,2024-11-15,Parental,2024-11-29,2024-12-04,True,Travel
731,2024-09-28,Sick,2024-10-12,2024-10-17,False,Appointment
709,2025-07-01,Sick,2025-07-15,2025-07-20,True,Appointment
709,2025-07-01,Personal,2025-07-15,2025-07-20,False,Illness
515,2024-08-27,Vacation,2024-09-10,2024-09-15,False,Illness
515,2024-08-14,Vacation,2024-08-28,2024-09-02,False,Travel
684,2024-10-10,Parental,2024-10-24,2024-10-29,True,Illness
970,2025-02-03,Vacation,2025-02-17,2025-02-22,True,Illness
212,2024-08-22,Sick,2024-09-05,2024-09-10,True,Illness
238,2025-09-16,Jury Duty,2025-09-30,2025-10-05,True,Family
238,2025-03-12,Sick,2025-03-26,2025-03-31,True,Other
737,2025-05-15,Jury Duty,2025-05-29,2025-06-03,True,Appointment
737,2025-05-02,Jury Duty,2025-05-16,2025-05-21,False,Travel
979,2025-07-16,Jury Duty,2025-07-30,2025-08-04,False,Other
979,2025-01-28,Sick,2025-02-11,2025-02-16,True,Other
412,2025-05-25,Personal,2025-06-08,2025-06-13,True,Other
412,2024-12-23,Vacation,2025-01-06,2025-01-11,True,Appointment
275,2025-02-16,Sick,2025-03-02,2025-03-07,True,Other
275,2024-07-18,Personal,2024-08-01,2024-08-06,True,Illness
762,2025-02-01,Sick,2025-02-15,2025-02-20,True,Family
91,2024-08-21,Vacation,2024-09-04,2024-09-09,True,Other
91,2024-07-24,Sick,2024-08-07,2024-08-12,True,Illness
521,2024-09-28,Parental,2024-10-12,2024-10-17,False,Illness
521,2025-06-27,Jury Duty,2025-07-11,2025-07-16,True,Travel
754,2025-03-06,Parental,2025-03-20,2025-03-25,True,Family
754,2025-06-19,Vacation,2025-07-03,2025-07-08,True,Illness
32,2024-10-03,Parental,2024-10-17,2024-10-22,False,Illness
32,2024-11-29,Vacation,2024-12-13,2024-12-18,True,Travel
615,2024-10-13,Jury Duty,2024-10-27,2024-11-01,True,Appointment
736,2024-08-19,Personal,2024-09-02,2024-09-07,True,Illness
589,2025-03-18,Vacation,2025-04-01,2025-04-06,True,Illness
589,2025-09-04,Jury Duty,2025-09-18,2025-09-23,True,Travel
440,2024-10-18,Parental,2024-11-01,2024-11-06,True,Travel
579,2024-03-26,Vacation,2024-04-09,2024-04-14,True,Appointment
183,2025-06-29,Parental,2025-07-13,2025-07-18,True,Appointment
183,2025-02-09,Jury Duty,2025-02-23,2025-02-28,True,Illness
87,2024-11-12,Sick,2024-11-26,2024-12-01,False,Illness
87,2024-05-06,Jury Duty,2024-05-20,2024-05-25,True,Travel
210,2025-09-21,Sick,2025-10-05,2025-10-10,True,Other
210,2025-10-01,Parental,2025-10-15,2025-10-20,False,Other
514,2025-09-21,Personal,2025-10-05,2025-10-10,False,Other
514,2024-11-17,Sick,2024-12-01,2024-12-06,True,Family
503,2025-07-01,Personal,2025-07-15,2025-07-20,True,Travel
176,2024-05-05,Jury Duty,2024-05-19,2024-05-24,True,Family
164,2024-11-10,Personal,2024-11-24,2024-11-29,True,Illness
164,2024-05-19,Parental,2024-06-02,2024-06-07,True,Appointment
156,2024-09-29,Parental,2024-10-13,2024-10-18,False,Appointment
156,2024-09-20,Vacation,2024-10-04,2024-10-09,False,Family
660,2024-10-24,Parental,2024-11-07,2024-11-12,False,Family
421,2025-06-16,Vacation,2025-06-30,2025-07-05,True,Appointment
794,2024-03-29,Parental,2024-04-12,2024-04-17,True,Travel
789,2024-08-21,Sick,2024-09-04,2024-09-09,True,Illness
789,2024-09-13,Sick,2024-09-27,2024-10-02,True,Family
752,2025-04-12,Personal,2025-04-26,2025-05-01,True,Appointment
495,2024-05-05,Sick,2024-05-19,2024-05-24,True,Family
619,2025-07-26,Jury Duty,2025-08-09,2025-08-14,True,Illness
619,2025-06-12,Vacation,2025-06-26,2025-07-01,False,Family
995,2025-06-09,Sick,2025-06-23,2025-06-28,True,Illness
486,2025-09-27,Vacation,2025-10-11,2025-10-16,True,Family
486,2025-04-25,Parental,2025-05-09,2025-05-14,True,Illness
952,2024-06-03,Parental,2024-06-17,2024-06-22,False,Travel
952,2025-01-03,Vacation,2025-01-17,2025-01-22,True,Other
174,2024-07-04,Vacation,2024-07-18,2024-07-23,True,Travel
174,2025-08-28,Sick,2025-09-11,2025-09-16,True,Other
19,2025-06-14,Parental,2025-06-28,2025-07-03,False,Appointment
19,2025-02-21,Sick,2025-03-07,2025-03-12,False,Appointment
785,2024-09-10,Vacation,2024-09-24,2024-09-29,True,Other
96,2025-09-03,Parental,2025-09-17,2025-09-22,False,Appointment
854,2024-07-25,Parental,2024-08-08,2024-08-13,True,Other
854,2024-08-29,Personal,2024-09-12,2024-09-17,True,Travel
756,2024-06-22,Parental,2024-07-06,2024-07-11,True,Illness
820,2025-06-26,Personal,2025-07-10,2025-07-15,True,Family
11,2025-08-31,Personal,2025-09-14,2025-09-19,True,Family
11,2024-12-15,Sick,2024-12-29,2025-01-03,True,Travel
493,2024-06-15,Jury Duty,2024-06-29,2024-07-04,True,Appointment
28,2024-10-31,Jury Duty,2024-11-14,2024-11-19,True,Family
28,2024-06-01,Sick,2024-06-15,2024-06-20,True,Illness
445,2025-08-18,Personal,2025-09-01,2025-09-06,True,Illness
908,2024-10-11,Parental,2024-10-25,2024-10-30,True,Travel
908,2024-07-01,Jury Duty,2024-07-15,2024-07-20,True,Appointment
786,2024-12-16,Parental,2024-12-30,2025-01-04,True,Illness
672,2025-10-11,Personal,2025-10-25,2025-10-30,True,Other
672,2024-04-28,Jury Duty,2024-05-12,2024-05-17,True,Other
198,2025-09-11,Parental,2025-09-25,2025-09-30,True,Other
941,2024-09-11,Personal,2024-09-25,2024-09-30,True,Appointment
796,2025-07-28,Vacation,2025-08-11,2025-08-16,False,Travel
796,2024-10-07,Sick,2024-10-21,2024-10-26,False,Illness
86,2024-11-13,Jury Duty,2024-11-27,2024-12-02,True,Travel
931,2025-08-04,Personal,2025-08-18,2025-08-23,False,Appointment
931,2025-03-04,Vacation,2025-03-18,2025-03-23,True,Illness
168,2024-09-16,Jury Duty,2024-09-30,2024-10-05,True,Travel
242,2025-05-29,Personal,2025-06-12,2025-06-17,True,Travel
242,2025-08-06,Personal,2025-08-20,2025-08-25,True,Other
668,2025-01-03,Jury Duty,2025-01-17,2025-01-22,False,Appointment
274,2024-10-04,Vacation,2024-10-18,2024-10-23,True,Travel
274,2025-04-12,Personal,2025-04-26,2025-05-01,True,Appointment
254,2024-05-05,Parental,2024-05-19,2024-05-24,True,Appointment
331,2025-08-29,Vacation,2025-09-12,2025-09-17,True,Appointment
803,2024-08-18,Jury Duty,2024-09-01,2024-09-06,True,Appointment
349,2025-10-11,Parental,2025-10-25,2025-10-30,True,Travel
349,2024-11-14,Parental,2024-11-28,2024-12-03,True,Illness
662,2025-04-09,Sick,2025-04-23,2025-04-28,False,Appointment
702,2024-07-06,Vacation,2024-07-20,2024-07-25,True,Family
702,2024-06-02,Jury Duty,2024-06-16,2024-06-21,True,Travel
112,2025-03-07,Parental,2025-03-21,2025-03-26,True,Travel
112,2025-03-21,Sick,2025-04-04,2025-04-09,True,Travel
861,2025-03-16,Sick,2025-03-30,2025-04-04,True,Family
836,2025-03-02,Jury Duty,2025-03-16,2025-03-21,False,Other
836,2024-04-22,Sick,2024-05-06,2024-05-11,False,Family
834,2025-03-03,Jury Duty,2025-03-17,2025-03-22,False,Illness
834,2024-08-15,Sick,2024-08-29,2024-09-03,True,Illness
407,2024-06-11,Parental,2024-06-25,2024-06-30,True,Family
407,2024-07-18,Parental,2024-08-01,2024-08-06,True,Other
513,2025-05-08,Vacation,2025-05-22,2025-05-27,True,Travel
513,2025-06-12,Personal,2025-06-26,2025-07-01,True,Travel
451,2025-07-01,Sick,2025-07-15,2025-07-20,True,Other
451,2025-06-19,Jury Duty,2025-07-03,2025-07-08,True,Family
605,2025-03-31,Jury Duty,2025-04-14,2025-04-19,True,Family
605,2024-07-25,Jury Duty,2024-08-08,2024-08-13,False,Illness
80,2024-09-13,Jury Duty,2024-09-27,2024-10-02,True,Illness
80,2024-06-09,Jury Duty,2024-06-23,2024-06-28,True,Travel
958,2024-04-07,Vacation,2024-04-21,2024-04-26,False,Appointment
958,2024-12-29,Jury Duty,2025-01-12,2025-01-17,True,Appointment
734,2025-09-06,Personal,2025-09-20,2025-09-25,False,Other
225,2024-05-12,Sick,2024-05-26,2024-05-31,True,Illness
225,2025-07-04,Sick,2025-07-18,2025-07-23,True,Travel
359,2024-07-28,Sick,2024-08-11,2024-08-16,True,Other
791,2025-02-02,Personal,2025-02-16,2025-02-21,True,Illness
402,2025-09-24,Sick,2025-10-08,2025-10-13,False,Family
4,2025-01-15,Vacation,2025-01-29,2025-02-03,True,Appointment
4,2025-09-28,Jury Duty,2025-10-12,2025-10-17,True,Appointment
842,2025-05-12,Parental,2025-05-26,2025-05-31,True,Family
842,2025-07-12,Personal,2025-07-26,2025-07-31,True,Illness
78,2024-04-01,Parental,2024-04-15,2024-04-20,True,Appointment
78,2024-07-27,Sick,2024-08-10,2024-08-15,True,Illness
475,2024-09-05,Parental,2024-09-19,2024-09-24,True,Illness
475,2025-03-24,Jury Duty,2025-04-07,2025-04-12,True,Illness
973,2025-08-25,Jury Duty,2025-09-08,2025-09-13,True,Travel
973,2025-08-02,Vacation,2025-08-16,2025-08-21,True,Family
16,2024-09-19,Sick,2024-10-03,2024-10-08,True,Travel
343,2025-09-15,Parental,2025-09-29,2025-10-04,False,Other
313,2024-09-14,Jury Duty,2024-09-28,2024-10-03,True,Appointment
56,2025-04-23,Sick,2025-05-07,2025-05-12,False,Other
543,2024-05-26,Jury Duty,2024-06-09,2024-06-14,False,Other
543,2025-09-20,Parental,2025-10-04,2025-10-09,True,Family
929,2024-04-10,Jury Duty,2024-04-24,2024-04-29,True,Other
929,2024-05-24,Vacation,2024-06-07,2024-06-12,True,Travel
571,2025-02-12,Personal,2025-02-26,2025-03-03,True,Appointment
571,2025-04-21,Personal,2025-05-05,2025-05-10,True,Travel
859,2024-08-10,Personal,2024-08-24,2024-08-29,True,Family
859,2025-08-21,Parental,2025-09-04,2025-09-09,True,Family
609,2025-04-28,Parental,2025-05-12,2025-05-17,True,Travel
609,2024-12-10,Personal,2024-12-24,2024-12-29,True,Other
661,2025-04-18,Parental,2025-05-02,2025-05-07,True,Travel
661,2024-12-03,Vacation,2024-12-17,2024-12-22,True,Illness
743,2025-01-13,Parental,2025-01-27,2025-02-01,True,Illness
743,2025-07-07,Parental,2025-07-21,2025-07-26,True,Family
149,2024-10-12,Sick,2024-10-26,2024-10-31,True,Illness
149,2024-10-16,Vacation,2024-10-30,2024-11-04,True,Other
258,2024-12-15,Parental,2024-12-29,2025-01-03,False,Appointment
258,2025-05-06,Parental,2025-05-20,2025-05-25,False,Travel
838,2025-01-08,Vacation,2025-01-22,2025-01-27,True,Appointment
935,2025-06-22,Vacation,2025-07-06,2025-07-11,True,Other
935,2025-10-14,Jury Duty,2025-10-28,2025-11-02,True,Other
832,2025-01-20,Jury Duty,2025-02-03,2025-02-08,True,Family
427,2024-09-22,Vacation,2024-10-06,2024-10-11,False,Other
110,2025-04-02,Parental,2025-04-16,2025-04-21,True,Family
110,2025-03-13,Vacation,2025-03-27,2025-04-01,False,Appointment
222,2024-11-11,Personal,2024-11-25,2024-11-30,True,Other
222,2025-08-27,Parental,2025-09-10,2025-09-15,True,Appointment
862,2025-04-17,Parental,2025-05-01,2025-05-06,True,Illness
862,2024-11-24,Jury Duty,2024-12-08,2024-12-13,True,Travel
848,2025-05-26,Parental,2025-06-09,2025-06-14,True,Illness
848,2025-03-18,Parental,2025-04-01,2025-04-06,False,Family
59,2025-04-06,Vacation,2025-04-20,2025-04-25,True,Travel
143,2024-05-22,Vacation,2024-06-05,2024-06-10,False,Travel
506,2025-05-22,Sick,2025-06-05,2025-06-10,True,Family
536,2025-02-03,Parental,2025-02-17,2025-02-22,True,Illness
536,2024-11-25,Personal,2024-12-09,2024-12-14,False,Other
49,2025-01-19,Parental,2025-02-02,2025-02-07,True,Travel
49,2025-06-10,Personal,2025-06-24,2025-06-29,True,Illness
635,2025-05-12,Vacation,2025-05-26,2025-05-31,True,Family
57,2025-01-16,Sick,2025-01-30,2025-02-04,True,Travel
566,2025-03-28,Parental,2025-04-11,2025-04-16,True,Illness
566,2024-06-23,Vacation,2024-07-07,2024-07-12,True,Other
344,2025-03-02,Sick,2025-03-16,2025-03-21,True,Illness
742,2025-06-17,Vacation,2025-07-01,2025-07-06,True,Other
411,2025-04-01,Parental,2025-04-15,2025-04-20,False,Illness
10,2025-07-10,Jury Duty,2025-07-24,2025-07-29,True,Travel
214,2024-10-08,Sick,2024-10-22,2024-10-27,True,Other
432,2024-10-22,Sick,2024-11-05,2024-11-10,True,Appointment
432,2025-03-25,Sick,2025-04-08,2025-04-13,True,Appointment
117,2025-03-27,Parental,2025-04-10,2025-04-15,False,Appointment
117,2024-09-05,Parental,2024-09-19,2024-09-24,True,Other
477,2025-08-20,Sick,2025-09-03,2025-09-08,True,Family
419,2025-02-04,Personal,2025-02-18,2025-02-23,True,Other
419,2025-08-29,Jury Duty,2025-09-12,2025-09-17,True,Appointment
991,2024-09-24,Sick,2024-10-08,2024-10-13,True,Other
991,2025-04-16,Sick,2025-04-30,2025-05-05,False,Travel
624,2025-07-04,Vacation,2025-07-18,2025-07-23,True,Appointment
624,2024-10-30,Parental,2024-11-13,2024-11-18,True,Other
150,2025-01-15,Parental,2025-01-29,2025-02-03,True,Family
444,2025-06-12,Jury Duty,2025-06-26,2025-07-01,True,Illness
444,2025-07-10,Jury Duty,2025-07-24,2025-07-29,False,Other
885,2024-06-09,Vacation,2024-06-23,2024-06-28,True,Family
310,2025-06-29,Personal,2025-07-13,2025-07-18,True,Travel
310,2025-06-29,Vacation,2025-07-13,2025-07-18,True,Other
207,2024-12-27,Jury Duty,2025-01-10,2025-01-15,False,Appointment
871,2025-07-10,Vacation,2025-07-24,2025-07-29,True,Other
797,2024-11-15,Jury Duty,2024-11-29,2024-12-04,False,Appointment
797,2025-09-21,Parental,2025-10-05,2025-10-10,True,Family
874,2024-10-28,Vacation,2024-11-11,2024-11-16,True,Travel
874,2025-06-28,Jury Duty,2025-07-12,2025-07-17,False,Other
375,2024-07-20,Vacation,2024-08-03,2024-08-08,True,Travel
375,2025-05-18,Parental,2025-06-01,2025-06-06,True,Other
910,2025-04-21,Jury Duty,2025-05-05,2025-05-10,True,Appointment
910,2024-09-27,Personal,2024-10-11,2024-10-16,False,Family
395,2025-03-30,Personal,2025-04-13,2025-04-18,False,Appointment
464,2025-01-21,Parental,2025-02-04,2025-02-09,True,Appointment
464,2025-02-04,Parental,2025-02-18,2025-02-23,True,Other
771,2024-06-13,Parental,2024-06-27,2024-07-02,True,Illness
771,2024-06-16,Parental,2024-06-30,2024-07-05,True,Family
800,2025-05-21,Personal,2025-06-04,2025-06-09,True,Other
800,2025-05-18,Personal,2025-06-01,2025-06-06,False,Illness
17,2024-06-07,Personal,2024-06-21,2024-06-26,True,Illness
856,2025-08-30,Jury Duty,2025-09-13,2025-09-18,True,Family
922,2025-07-16,Personal,2025-07-30,2025-08-04,False,Appointment
922,2025-04-30,Parental,2025-05-14,2025-05-19,True,Illness
772,2025-02-01,Personal,2025-02-15,2025-02-20,False,Other
772,2025-10-11,Parental,2025-10-25,2025-10-30,False,Other
625,2024-08-06,Jury Duty,2024-08-20,2024-08-25,False,Travel
625,2024-08-07,Vacation,2024-08-21,2024-08-26,False,Family
823,2024-08-30,Jury Duty,2024-09-13,2024-09-18,True,Travel
658,2024-07-20,Sick,2024-08-03,2024-08-08,True,Other
614,2024-03-30,Sick,2024-04-13,2024-04-18,True,Other
792,2025-01-06,Sick,2025-01-20,2025-01-25,True,Family
188,2024-05-31,Personal,2024-06-14,2024-06-19,False,Family
293,2025-04-20,Sick,2025-05-04,2025-05-09,False,Other
934,2024-08-22,Jury Duty,2024-09-05,2024-09-10,True,Other
934,2025-02-23,Personal,2025-03-09,2025-03-14,True,Other
698,2024-09-27,Parental,2024-10-11,2024-10-16,True,Family
698,2024-09-19,Jury Duty,2024-10-03,2024-10-08,True,Illness
481,2025-09-21,Jury Duty,2025-10-05,2025-10-10,False,Other
30,2025-08-11,Parental,2025-08-25,2025-08-30,False,Illness
30,2024-10-08,Jury Duty,2024-10-22,2024-10-27,False,Travel
383,2024-06-28,Jury Duty,2024-07-12,2024-07-17,False,Travel
269,2024-10-05,Personal,2024-10-19,2024-10-24,True,Family
735,2024-12-20,Jury Duty,2025-01-03,2025-01-08,True,Illness
735,2025-07-22,Parental,2025-08-05,2025-08-10,True,Appointment
414,2024-06-30,Jury Duty,2024-07-14,2024-07-19,True,Family
721,2025-04-16,Jury Duty,2025-04-30,2025-05-05,True,Appointment
721,2024-09-30,Parental,2024-10-14,2024-10-19,True,Appointment
118,2024-11-06,Vacation,2024-11-20,2024-11-25,True,Family
250,2025-04-02,Jury Duty,2025-04-16,2025-04-21,True,Travel
512,2025-05-31,Vacation,2025-06-14,2025-06-19,True,Appointment
512,2024-12-06,Vacation,2024-12-20,2024-12-25,True,Appointment
458,2025-07-08,Jury Duty,2025-07-22,2025-07-27,False,Travel
458,2025-09-28,Sick,2025-10-12,2025-10-17,True,Illness
927,2025-05-06,Jury Duty,2025-05-20,2025-05-25,True,Family
927,2025-01-18,Jury Duty,2025-02-01,2025-02-06,False,Other
765,2025-05-01,Personal,2025-05-15,2025-05-20,True,Other
775,2024-10-25,Vacation,2024-11-08,2024-11-13,False,Family
775,2024-12-06,Personal,2024-12-20,2024-12-25,True,Other
930,2025-02-18,Parental,2025-03-04,2025-03-09,False,Illness
930,2024-05-20,Jury Duty,2024-06-03,2024-06-08,False,Travel
365,2025-05-21,Personal,2025-06-04,2025-06-09,True,Family
365,2024-11-09,Sick,2024-11-23,2024-11-28,True,Other
337,2024-04-14,Personal,2024-04-28,2024-05-03,True,Other
90,2025-01-05,Parental,2025-01-19,2025-01-24,True,Appointment
618,2025-03-11,Jury Duty,2025-03-25,2025-03-30,True,Travel
618,2025-03-19,Parental,2025-04-02,2025-04-07,True,Other
386,2025-08-16,Jury Duty,2025-08-30,2025-09-04,True,Travel
182,2024-12-19,Parental,2025-01-02,2025-01-07,True,Family
22,2024-07-31,Personal,2024-08-14,2024-08-19,True,Other
366,2025-06-09,Sick,2025-06-23,2025-06-28,True,Other
366,2025-09-07,Jury Duty,2025-09-21,2025-09-26,True,Travel
750,2024-09-24,Personal,2024-10-08,2024-10-13,True,Travel
750,2024-12-11,Jury Duty,2024-12-25,2024-12-30,True,Illness
674,2025-03-25,Sick,2025-04-08,2025-04-13,False,Other
115,2024-08-11,Jury Duty,2024-08-25,2024-08-30,True,Appointment
906,2025-08-27,Jury Duty,2025-09-10,2025-09-15,True,Illness
261,2025-04-09,Parental,2025-04-23,2025-04-28,True,Other
982,2025-09-02,Sick,2025-09-16,2025-09-21,False,Other
982,2025-06-30,Personal,2025-07-14,2025-07-19,False,Travel
360,2024-10-17,Parental,2024-10-31,2024-11-05,True,Other
360,2024-12-23,Parental,2025-01-06,2025-01-11,True,Other
241,2025-03-14,Vacation,2025-03-28,2025-04-02,False,Family
141,2024-04-26,Parental,2024-05-10,2024-05-15,True,Family
41,2025-03-04,Jury Duty,2025-03-18,2025-03-23,True,Travel
41,2025-03-04,Personal,2025-03-18,2025-03-23,True,Illness
347,2025-07-19,Parental,2025-08-02,2025-08-07,True,Appointment
347,2025-02-10,Sick,2025-02-24,2025-03-01,True,Appointment
82,2024-12-27,Jury Duty,2025-01-10,2025-01-15,False,Illness
3,2024-08-13,Sick,2024-08-27,2024-09-01,True,Travel
556,2024-05-27,Vacation,2024-06-10,2024-06-15,False,Appointment
556,2025-01-21,Jury Duty,2025-02-04,2025-02-09,True,Appointment
581,2025-08-13,Jury Duty,2025-08-27,2025-09-01,True,Illness
581,2024-08-21,Vacation,2024-09-04,2024-09-09,True,Illness
192,2025-06-16,Jury Duty,2025-06-30,2025-07-05,False,Other
192,2025-10-02,Jury Duty,2025-10-16,2025-10-21,True,Other
723,2025-09-17,Jury Duty,2025-10-01,2025-10-06,False,Travel
534,2025-05-05,Sick,2025-05-19,2025-05-24,True,Appointment
534,2025-05-05,Jury Duty,2025-05-19,2025-05-24,True,Travel
900,2024-05-07,Parental,2024-05-21,2024-05-26,True,Family
900,2024-11-30,Sick,2024-12-14,2024-12-19,True,Family
567,2025-06-12,Vacation,2025-06-26,2025-07-01,True,Family
567,2025-07-09,Parental,2025-07-23,2025-07-28,True,Other
561,2025-04-10,Jury Duty,2025-04-24,2025-04-29,True,Travel
561,2025-04-10,Personal,2025-04-24,2025-04-29,False,Travel
400,2024-09-02,Jury Duty,2024-09-16,2024-09-21,True,Family
400,2025-06-04,Jury Duty,2025-06-18,2025-06-23,True,Other
483,2024-05-20,Vacation,2024-06-03,2024-06-08,True,Illness
483,2025-07-02,Personal,2025-07-16,2025-07-21,True,Travel
502,2025-03-02,Personal,2025-03-16,2025-03-21,True,Family
502,2025-08-22,Jury Duty,2025-09-05,2025-09-10,True,Family
358,2024-07-08,Jury Duty,2024-07-22,2024-07-27,True,Family
948,2024-12-18,Parental,2025-01-01,2025-01-06,True,Other
278,2024-12-28,Parental,2025-01-11,2025-01-16,True,Other
468,2024-12-30,Sick,2025-01-13,2025-01-18,True,Travel
468,2025-05-19,Sick,2025-06-02,2025-06-07,True,Travel
330,2024-12-11,Sick,2024-12-25,2024-12-30,True,Appointment
330,2024-12-13,Personal,2024-12-27,2025-01-01,True,Other
659,2024-05-08,Parental,2024-05-22,2024-05-27,False,Illness
363,2025-10-02,Parental,2025-10-16,2025-10-21,True,Travel
1,2025-04-11,Vacation,2025-04-25,2025-04-30,True,Family
1,2025-08-20,Personal,2025-09-03,2025-09-08,False,Other
845,2025-08-04,Sick,2025-08-18,2025-08-23,True,Other
381,2024-10-09,Personal,2024-10-23,2024-10-28,True,Illness
381,2025-08-07,Vacation,2025-08-21,2025-08-26,True,Other
811,2025-05-05,Parental,2025-05-19,2025-05-24,True,Family
811,2025-04-03,Jury Duty,2025-04-17,2025-04-22,True,Travel
896,2024-11-08,Sick,2024-11-22,2024-11-27,True,Other
531,2025-03-21,Jury Duty,2025-04-04,2025-04-09,True,Illness
951,2025-04-09,Vacation,2025-04-23,2025-04-28,True,Travel
951,2025-07-28,Jury Duty,2025-08-11,2025-08-16,True,Family
664,2024-08-12,Vacation,2024-08-26,2024-08-31,True,Appointment
664,2025-09-22,Personal,2025-10-06,2025-10-11,False,Appointment
186,2025-05-06,Personal,2025-05-20,2025-05-25,True,Appointment
187,2024-12-14,Sick,2024-12-28,2025-01-02,False,Appointment
688,2025-04-10,Jury Duty,2025-04-24,2025-04-29,True,Illness
712,2025-03-06,Vacation,2025-03-20,2025-03-25,True,Illness
712,2024-11-04,Personal,2024-11-18,2024-11-23,True,Travel
642,2025-01-26,Vacation,2025-02-09,2025-02-14,True,Illness
642,2025-10-08,Parental,2025-10-22,2025-10-27,True,Other
76,2025-04-25,Parental,2025-05-09,2025-05-14,False,Family
76,2024-09-15,Jury Duty,2024-09-29,2024-10-04,True,Appointment
194,2025-07-30,Jury Duty,2025-08-13,2025-08-18,False,Illness
194,2025-03-11,Jury Duty,2025-03-25,2025-03-30,True,Travel
196,2024-11-27,Sick,2024-12-11,2024-12-16,True,Appointment
902,2024-04-17,Sick,2024-05-01,2024-05-06,True,Travel
850,2024-05-08,Vacation,2024-05-22,2024-05-27,True,Other
484,2025-03-05,Parental,2025-03-19,2025-03-24,True,Other
680,2024-12-09,Parental,2024-12-23,2024-12-28,True,Illness
915,2024-04-24,Jury Duty,2024-05-08,2024-05-13,True,Family
284,2024-10-20,Personal,2024-11-03,2024-11-08,True,Travel
79,2024-10-29,Personal,2024-11-12,2024-11-17,True,Family
79,2025-01-27,Sick,2025-02-10,2025-02-15,True,Other
66,2024-08-19,Parental,2024-09-02,2024-09-07,False,Illness
430,2025-03-10,Parental,2025-03-24,2025-03-29,True,Other
197,2025-01-25,Sick,2025-02-08,2025-02-13,False,Travel
289,2025-04-22,Vacation,2025-05-06,2025-05-11,True,Travel
302,2025-08-25,Sick,2025-09-08,2025-09-13,False,Family
38,2025-06-22,Personal,2025-07-06,2025-07-11,True,Appointment
262,2024-07-29,Vacation,2024-08-12,2024-08-17,True,Appointment
919,2025-02-20,Sick,2025-03-06,2025-03-11,True,Appointment
919,2025-02-27,Jury Duty,2025-03-13,2025-03-18,True,Other
681,2025-07-22,Sick,2025-08-05,2025-08-10,True,Family
681,2025-01-12,Sick,2025-01-26,2025-01-31,False,Family
719,2024-05-27,Parental,2024-06-10,2024-06-15,True,Travel
719,2025-05-18,Parental,2025-06-01,2025-06-06,True,Other
314,2025-04-22,Sick,2025-05-06,2025-05-11,True,Other
77,2024-05-12,Parental,2024-05-26,2024-05-31,False,Family
77,2024-11-24,Sick,2024-12-08,2024-12-13,True,Family
529,2024-04-12,Jury Duty,2024-04-26,2024-05-01,True,Appointment
529,2024-04-20,Parental,2024-05-04,2024-05-09,True,Travel
604,2025-05-22,Jury Duty,2025-06-05,2025-06-10,False,Illness
666,2025-04-26,Vacation,2025-05-10,2025-05-15,True,Other
666,2024-05-15,Parental,2024-05-29,2024-06-03,True,Family
563,2025-07-17,Parental,2025-07-31,2025-08-05,True,Illness
563,2024-12-15,Personal,2024-12-29,2025-01-03,True,Other
847,2025-09-26,Personal,2025-10-10,2025-10-15,True,Family
847,2025-07-05,Vacation,2025-07-19,2025-07-24,True,Appointment
928,2024-05-02,Parental,2024-05-16,2024-05-21,True,Family
928,2024-06-12,Parental,2024-06-26,2024-07-01,False,Other
868,2024-11-21,Sick,2024-12-05,2024-12-10,True,Appointment
175,2025-06-15,Vacation,2025-06-29,2025-07-04,True,Appointment
175,2025-08-21,Jury Duty,2025-09-04,2025-09-09,True,Illness
473,2025-08-02,Vacation,2025-08-16,2025-08-21,True,Other
944,2025-08-27,Sick,2025-09-10,2025-09-15,True,Other
808,2024-12-29,Sick,2025-01-12,2025-01-17,True,Other
479,2024-11-18,Vacation,2024-12-02,2024-12-07,True,Travel
259,2025-04-26,Sick,2025-05-10,2025-05-15,True,Appointment
784,2024-06-05,Parental,2024-06-19,2024-06-24,True,Illness
783,2024-05-06,Personal,2024-05-20,2024-05-25,True,Other
783,2025-05-16,Jury Duty,2025-05-30,2025-06-04,False,Family
434,2025-07-02,Vacation,2025-07-16,2025-07-21,True,Family
434,2024-09-26,Personal,2024-10-10,2024-10-15,False,Other
240,2024-04-13,Sick,2024-04-27,2024-05-02,True,Family
240,2025-07-15,Parental,2025-07-29,2025-08-03,False,Other
123,2025-10-12,Jury Duty,2025-10-26,2025-10-31,True,Other
881,2025-06-08,Parental,2025-06-22,2025-06-27,True,Travel
881,2025-09-07,Parental,2025-09-21,2025-09-26,True,Travel
465,2025-09-26,Sick,2025-10-10,2025-10-15,True,Other
654,2025-01-18,Personal,2025-02-01,2025-02-06,True,Other
654,2024-08-05,Parental,2024-08-19,2024-08-24,True,Travel
317,2024-07-12,Vacation,2024-07-26,2024-07-31,True,Other
317,2024-06-05,Sick,2024-06-19,2024-06-24,True,Travel
429,2025-03-03,Personal,2025-03-17,2025-03-22,True,Other
582,2025-04-21,Sick,2025-05-05,2025-05-10,True,Appointment
582,2025-04-21,Vacation,2025-05-05,2025-05-10,True,Travel
390,2025-09-14,Jury Duty,2025-09-28,2025-10-03,True,Illness
532,2024-11-24,Sick,2024-12-08,2024-12-13,True,Travel
532,2025-07-18,Sick,2025-08-01,2025-08-06,False,Illness
588,2025-04-13,Vacation,2025-04-27,2025-05-02,True,Appointment
588,2025-02-26,Parental,2025-03-12,2025-03-17,True,Family
416,2025-03-19,Parental,2025-04-02,2025-04-07,False,Other
895,2025-03-26,Vacation,2025-04-09,2025-04-14,False,Appointment
280,2025-06-07,Sick,2025-06-21,2025-06-26,True,Illness
280,2025-06-07,Vacation,2025-06-21,2025-06-26,True,Family
283,2024-05-01,Parental,2024-05-15,2024-05-20,True,Other
177,2025-08-21,Sick,2025-09-04,2025-09-09,True,Family
813,2025-06-15,Vacation,2025-06-29,2025-07-04,True,Family
426,2024-11-27,Personal,2024-12-11,2024-12-16,False,Appointment
199,2024-10-03,Sick,2024-10-17,2024-10-22,True,Family
199,2025-06-15,Sick,2025-06-29,2025-07-04,True,Appointment
128,2025-08-11,Personal,2025-08-25,2025-08-30,True,Travel
128,2024-07-02,Jury Duty,2024-07-16,2024-07-21,True,Illness
830,2025-07-07,Parental,2025-07-21,2025-07-26,True,Travel
101,2025-02-27,Parental,2025-03-13,2025-03-18,True,Illness
101,2025-02-27,Jury Duty,2025-03-13,2025-03-18,True,Family
925,2025-03-15,Jury Duty,2025-03-29,2025-04-03,True,Other
739,2025-06-19,Parental,2025-07-03,2025-07-08,True,Family
273,2025-07-03,Parental,2025-07-17,2025-07-22,True,Illness
273,2024-10-13,Jury Duty,2024-10-27,2024-11-01,True,Illness
348,2025-07-28,Sick,2025-08-11,2025-08-16,True,Other
348,2024-11-25,Personal,2024-12-09,2024-12-14,False,Family
727,2025-03-13,Jury Duty,2025-03-27,2025-04-01,True,Family
947,2025-09-28,Jury Duty,2025-10-12,2025-10-17,True,Illness
773,2024-11-18,Personal,2024-12-02,2024-12-07,True,Illness
773,2024-04-27,Parental,2024-05-11,2024-05-16,True,Travel
425,2024-09-04,Jury Duty,2024-09-18,2024-09-23,True,Travel
679,2024-09-10,Parental,2024-09-24,2024-09-29,True,Travel
679,2024-05-10,Vacation,2024-05-24,2024-05-29,True,Travel
817,2024-08-20,Personal,2024-09-03,2024-09-08,True,Other
137,2024-06-02,Personal,2024-06-16,2024-06-21,True,Travel
137,2025-03-27,Personal,2025-04-10,2025-04-15,True,Appointment
329,2024-05-18,Parental,2024-06-01,2024-06-06,True,Travel
816,2025-10-11,Jury Duty,2025-10-25,2025-10-30,True,Family
530,2025-10-16,Sick,2025-10-30,2025-11-04,True,Family
499,2025-02-11,Sick,2025-02-25,2025-03-02,False,Illness
93,2024-05-26,Jury Duty,2024-06-09,2024-06-14,True,Other
701,2024-09-07,Personal,2024-09-21,2024-09-26,True,Other
860,2025-05-29,Sick,2025-06-12,2025-06-17,True,Appointment
193,2025-03-22,Personal,2025-04-05,2025-04-10,True,Appointment
193,2025-01-19,Parental,2025-02-02,2025-02-07,True,Appointment
621,2025-09-22,Sick,2025-10-06,2025-10-11,True,Appointment
621,2025-10-18,Jury Duty,2025-11-01,2025-11-06,True,Other
994,2025-09-08,Jury Duty,2025-09-22,2025-09-27,True,Travel
291,2025-01-13,Jury Duty,2025-01-27,2025-02-01,True,Other
570,2024-06-01,Sick,2024-06-15,2024-06-20,False,Family
285,2024-10-29,Parental,2024-11-12,2024-11-17,False,Appointment
455,2025-05-17,Parental,2025-05-31,2025-06-05,True,Family
685,2025-10-04,Personal,2025-10-18,2025-10-23,True,Family
685,2024-04-10,Parental,2024-04-24,2024-04-29,False,Other
949,2025-05-14,Parental,2025-05-28,2025-06-02,True,Family
949,2025-10-17,Sick,2025-10-31,2025-11-05,True,Illness
396,2025-04-22,Personal,2025-05-06,2025-05-11,False,Appointment
396,2025-04-12,Sick,2025-04-26,2025-05-01,False,Appointment
622,2025-09-02,Parental,2025-09-16,2025-09-21,True,Travel
622,2025-06-14,Personal,2025-06-28,2025-07-03,True,Family
35,2025-05-23,Personal,2025-06-06,2025-06-11,True,Appointment
35,2025-07-24,Parental,2025-08-07,2025-08-12,True,Appointment
351,2024-07-16,Vacation,2024-07-30,2024-08-04,False,Other
385,2025-02-26,Personal,2025-03-12,2025-03-17,True,Appointment
385,2025-02-25,Jury Duty,2025-03-11,2025-03-16,False,Other
961,2025-01-18,Parental,2025-02-01,2025-02-06,True,Appointment
961,2024-12-29,Sick,2025-01-12,2025-01-17,False,Other
819,2024-11-24,Parental,2024-12-08,2024-12-13,False,Appointment
819,2024-06-17,Personal,2024-07-01,2024-07-06,True,Appointment
704,2024-04-03,Jury Duty,2024-04-17,2024-04-22,True,Travel
704,2025-03-11,Sick,2025-03-25,2025-03-30,True,Appointment
126,2024-09-23,Jury Duty,2024-10-07,2024-10-12,True,Other
320,2024-12-05,Sick,2024-12-19,2024-12-24,False,Family
320,2025-08-26,Parental,2025-09-09,2025-09-14,True,Illness
846,2024-04-15,Personal,2024-04-29,2024-05-04,True,Travel
846,2025-01-26,Jury Duty,2025-02-09,2025-02-14,False,Family
696,2025-04-21,Personal,2025-05-05,2025-05-10,True,Travel
696,2025-06-27,Sick,2025-07-11,2025-07-16,True,Illness
312,2024-09-27,Sick,2024-10-11,2024-10-16,False,Travel
636,2025-03-12,Jury Duty,2025-03-26,2025-03-31,True,Travel
636,2025-01-13,Jury Duty,2025-01-27,2025-02-01,False,Travel
157,2024-10-18,Sick,2024-11-01,2024-11-06,True,Family
157,2024-08-21,Jury Duty,2024-09-04,2024-09-09,True,Other
387,2024-04-25,Vacation,2024-05-09,2024-05-14,True,Illness
387,2024-07-16,Parental,2024-07-30,2024-08-04,True,Family
235,2025-02-16,Parental,2025-03-02,2025-03-07,True,Illness
200,2024-06-08,Parental,2024-06-22,2024-06-27,True,Illness
200,2024-04-14,Parental,2024-04-28,2024-05-03,True,Other
992,2024-10-15,Vacation,2024-10-29,2024-11-03,True,Other
992,2024-05-27,Parental,2024-06-10,2024-06-15,True,Other
505,2025-07-17,Vacation,2025-07-31,2025-08-05,True,Appointment
257,2025-09-23,Parental,2025-10-07,2025-10-12,True,Travel
1000,2025-01-08,Personal,2025-01-22,2025-01-27,False,Illness
1000,2025-09-13,Sick,2025-09-27,2025-10-02,True,Other
519,2024-07-30,Jury Duty,2024-08-13,2024-08-18,True,Family
918,2024-07-10,Sick,2024-07-24,2024-07-29,False,Appointment
918,2025-02-28,Sick,2025-03-14,2025-03-19,True,Other
810,2025-01-11,Sick,2025-01-25,2025-01-30,False,Travel
810,2025-07-31,Sick,2025-08-14,2025-08-19,True,Family
899,2024-06-15,Vacation,2024-06-29,2024-07-04,True,Illness
899,2024-05-30,Parental,2024-06-13,2024-06-18,True,Illness
753,2025-08-05,Vacation,2025-08-19,2025-08-24,True,Appointment
749,2024-07-11,Parental,2024-07-25,2024-07-30,True,Illness
591,2025-07-15,Vacation,2025-07-29,2025-08-03,True,Other
591,2024-05-18,Sick,2024-06-01,2024-06-06,True,Family
670,2025-04-26,Jury Duty,2025-05-10,2025-05-15,False,Illness
105,2025-10-13,Sick,2025-10-27,2025-11-01,True,Appointment
105,2024-04-10,Sick,2024-04-24,2024-04-29,True,Illness
616,2025-02-19,Parental,2025-03-05,2025-03-10,True,Family
616,2025-03-30,Personal,2025-04-13,2025-04-18,False,Appointment
119,2025-05-26,Jury Duty,2025-06-09,2025-06-14,True,Other
779,2024-03-28,Jury Duty,2024-04-11,2024-04-16,True,Illness
779,2024-11-17,Sick,2024-12-01,2024-12-06,False,Travel
294,2025-04-26,Sick,2025-05-10,2025-05-15,True,Family
985,2025-09-02,Sick,2025-09-16,2025-09-21,True,Other
985,2024-07-05,Parental,2024-07-19,2024-07-24,True,Appointment
324,2024-05-26,Jury Duty,2024-06-09,2024-06-14,True,Family
324,2025-05-13,Parental,2025-05-27,2025-06-01,True,Appointment
221,2025-04-05,Parental,2025-04-19,2025-04-24,True,Travel
221,2025-01-14,Vacation,2025-01-28,2025-02-02,False,Family
559,2025-07-19,Sick,2025-08-02,2025-08-07,True,Travel
767,2025-07-30,Personal,2025-08-13,2025-08-18,True,Travel
767,2025-03-28,Sick,2025-04-11,2025-04-16,False,Travel
596,2024-10-29,Personal,2024-11-12,2024-11-17,False,Travel
596,2025-04-06,Parental,2025-04-20,2025-04-25,False,Other
371,2024-11-16,Jury Duty,2024-11-30,2024-12-05,True,Illness
371,2025-02-12,Jury Duty,2025-02-26,2025-03-03,False,Appointment
539,2025-08-23,Personal,2025-09-06,2025-09-11,True,Travel
539,2025-07-23,Jury Duty,2025-08-06,2025-08-11,True,Illness
163,2025-05-25,Jury Duty,2025-06-08,2025-06-13,True,Illness
163,2025-04-24,Personal,2025-05-08,2025-05-13,True,Travel
790,2024-07-24,Vacation,2024-08-07,2024-08-12,False,Family
631,2024-10-02,Jury Duty,2024-10-16,2024-10-21,False,Other
578,2024-10-22,Personal,2024-11-05,2024-11-10,False,Appointment
578,2025-06-01,Personal,2025-06-15,2025-06-20,True,Travel
839,2025-06-09,Parental,2025-06-23,2025-06-28,True,Family
47,2025-05-18,Sick,2025-06-01,2025-06-06,True,Other
47,2025-07-05,Jury Duty,2025-07-19,2025-07-24,True,Travel
748,2025-02-17,Vacation,2025-03-03,2025-03-08,True,Illness
600,2024-12-23,Personal,2025-01-06,2025-01-11,True,Travel
600,2025-04-07,Vacation,2025-04-21,2025-04-26,True,Other
422,2025-04-21,Jury Duty,2025-05-05,2025-05-10,True,Travel
422,2025-06-14,Jury Duty,2025-06-28,2025-07-03,True,Travel
675,2024-07-02,Parental,2024-07-16,2024-07-21,False,Other
675,2024-07-27,Personal,2024-08-10,2024-08-15,True,Illness
459,2024-11-24,Jury Duty,2024-12-08,2024-12-13,True,Family
256,2024-06-28,Sick,2024-07-12,2024-07-17,True,Family
42,2025-09-24,Personal,2025-10-08,2025-10-13,True,Family
42,2025-07-27,Sick,2025-08-10,2025-08-15,False,Travel
812,2024-10-17,Sick,2024-10-31,2024-11-05,True,Illness
812,2025-10-16,Vacation,2025-10-30,2025-11-04,True,Other
889,2024-12-11,Personal,2024-12-25,2024-12-30,True,Illness
683,2024-09-01,Parental,2024-09-15,2024-09-20,False,Other
683,2025-08-07,Sick,2025-08-21,2025-08-26,True,Illness
640,2025-03-02,Sick,2025-03-16,2025-03-21,False,Other
640,2025-07-25,Vacation,2025-08-08,2025-08-13,True,Illness
116,2025-07-13,Vacation,2025-07-27,2025-08-01,False,Family
116,2025-06-29,Jury Duty,2025-07-13,2025-07-18,True,Appointment
535,2024-04-09,Personal,2024-04-23,2024-04-28,True,Family
535,2025-05-07,Jury Duty,2025-05-21,2025-05-26,True,Illness
246,2024-04-29,Vacation,2024-05-13,2024-05-18,True,Appointment
246,2024-08-04,Sick,2024-08-18,2024-08-23,True,Family
613,2024-04-05,Vacation,2024-04-19,2024-04-24,True,Family
613,2024-07-30,Parental,2024-08-13,2024-08-18,True,Family
866,2024-07-02,Jury Duty,2024-07-16,2024-07-21,True,Illness
573,2025-02-07,Parental,2025-02-21,2025-02-26,False,Family
573,2024-12-23,Vacation,2025-01-06,2025-01-11,False,Travel
724,2024-04-09,Parental,2024-04-23,2024-04-28,False,Travel
724,2024-04-28,Parental,2024-05-12,2024-05-17,False,Travel
883,2025-09-12,Personal,2025-09-26,2025-10-01,True,Illness
7,2025-01-04,Jury Duty,2025-01-18,2025-01-23,True,Illness
7,2025-10-10,Vacation,2025-10-24,2025-10-29,False,Other
652,2025-07-27,Jury Duty,2025-08-10,2025-08-15,True,Illness
652,2025-09-11,Parental,2025-09-25,2025-09-30,True,Family
966,2024-11-24,Vacation,2024-12-08,2024-12-13,False,Travel
602,2024-09-01,Jury Duty,2024-09-15,2024-09-20,False,Appointment
912,2024-12-19,Sick,2025-01-02,2025-01-07,True,Travel
912,2025-01-22,Personal,2025-02-05,2025-02-10,True,Family
584,2025-02-13,Personal,2025-02-27,2025-03-04,True,Other
584,2024-08-31,Jury Duty,2024-09-14,2024-09-19,True,Other
321,2025-05-08,Parental,2025-05-22,2025-05-27,False,Illness
321,2025-03-09,Personal,2025-03-23,2025-03-28,True,Family
190,2025-06-07,Personal,2025-06-21,2025-06-26,False,Other
190,2025-04-02,Sick,2025-04-16,2025-04-21,True,Travel
482,2024-04-29,Jury Duty,2024-05-13,2024-05-18,True,Family
482,2025-03-23,Sick,2025-04-06,2025-04-11,True,Travel
420,2025-07-09,Jury Duty,2025-07-23,2025-07-28,True,Other
318,2024-03-31,Sick,2024-04-14,2024-04-19,True,Other
327,2024-05-08,Personal,2024-05-22,2024-05-27,False,Family
64,2025-04-17,Sick,2025-05-01,2025-05-06,True,Illness
158,2024-05-09,Personal,2024-05-23,2024-05-28,False,Appointment
158,2024-08-25,Personal,2024-09-08,2024-09-13,False,Illness
433,2025-08-31,Personal,2025-09-14,2025-09-19,True,Other
232,2025-08-29,Vacation,2025-09-12,2025-09-17,False,Travel
75,2025-07-11,Personal,2025-07-25,2025-07-30,True,Travel
554,2025-04-23,Personal,2025-05-07,2025-05-12,False,Family
191,2024-09-01,Vacation,2024-09-15,2024-09-20,True,Illness
230,2024-05-11,Personal,2024-05-25,2024-05-30,True,Travel
230,2024-04-08,Sick,2024-04-22,2024-04-27,True,Family
15,2024-12-27,Sick,2025-01-10,2025-01-15,True,Travel
818,2025-02-05,Personal,2025-02-19,2025-02-24,False,Illness
818,2025-05-03,Sick,2025-05-17,2025-05-22,True,Illness
181,2025-03-08,Personal,2025-03-22,2025-03-27,False,Travel
181,2024-07-29,Jury Duty,2024-08-12,2024-08-17,True,Illness
788,2024-12-25,Jury Duty,2025-01-08,2025-01-13,True,Illness
788,2024-04-19,Jury Duty,2024-05-03,2024-05-08,False,Travel
564,2024-11-24,Parental,2024-12-08,2024-12-13,False,Family
132,2025-07-15,Vacation,2025-07-29,2025-08-03,True,Travel
132,2025-04-12,Sick,2025-04-26,2025-05-01,False,Other
173,2024-11-18,Vacation,2024-12-02,2024-12-07,True,Illness
804,2025-06-17,Vacation,2025-07-01,2025-07-06,False,Family
178,2025-03-02,Parental,2025-03-16,2025-03-21,True,Illness
798,2024-06-10,Jury Duty,2024-06-24,2024-06-29,True,Appointment
501,2024-12-10,Personal,2024-12-24,2024-12-29,True,Appointment
501,2025-05-19,Jury Duty,2025-06-02,2025-06-07,True,Illness
492,2024-06-04,Vacation,2024-06-18,2024-06-23,True,Family
492,2024-04-16,Vacation,2024-04-30,2024-05-05,True,Appointment
62,2024-06-15,Parental,2024-06-29,2024-07-04,True,Illness
266,2025-10-12,Parental,2025-10-26,2025-10-31,True,Appointment
424,2025-06-12,Sick,2025-06-26,2025-07-01,False,Other
424,2025-01-29,Vacation,2025-02-12,2025-02-17,True,Appointment
69,2024-08-27,Jury Duty,2024-09-10,2024-09-15,True,Travel
69,2024-06-12,Parental,2024-06-26,2024-07-01,True,Travel
443,2024-12-31,Personal,2025-01-14,2025-01-19,False,Illness
45,2024-11-07,Sick,2024-11-21,2024-11-26,True,Travel
549,2024-06-19,Jury Duty,2024-07-03,2024-07-08,True,Family
549,2025-10-01,Sick,2025-10-15,2025-10-20,False,Appointment
594,2024-11-14,Parental,2024-11-28,2024-12-03,True,Appointment
594,2025-07-19,Sick,2025-08-02,2025-08-07,True,Other
146,2025-08-19,Personal,2025-09-02,2025-09-07,True,Family
146,2024-11-02,Sick,2024-11-16,2024-11-21,True,Appointment
316,2024-08-27,Parental,2024-09-10,2024-09-15,False,Travel
431,2025-02-23,Parental,2025-03-09,2025-03-14,False,Travel
867,2025-09-05,Sick,2025-09-19,2025-09-24,False,Other
867,2025-02-13,Vacation,2025-02-27,2025-03-04,True,Illness
601,2025-06-26,Sick,2025-07-10,2025-07-15,False,Travel
946,2025-01-01,Vacation,2025-01-15,2025-01-20,True,Appointment
606,2024-12-04,Jury Duty,2024-12-18,2024-12-23,True,Family
606,2024-06-20,Personal,2024-07-04,2024-07-09,True,Other
920,2025-05-13,Personal,2025-05-27,2025-06-01,True,Illness
54,2024-08-08,Vacation,2024-08-22,2024-08-27,True,Family
54,2024-12-21,Parental,2025-01-04,2025-01-09,True,Family
610,2024-05-15,Sick,2024-05-29,2024-06-03,True,Illness
610,2025-07-13,Jury Duty,2025-07-27,2025-08-01,True,Other
406,2024-11-01,Jury Duty,2024-11-15,2024-11-20,False,Appointment
406,2025-08-24,Jury Duty,2025-09-07,2025-09-12,True,Travel
827,2025-09-23,Sick,2025-10-07,2025-10-12,True,Illness
827,2025-07-07,Personal,2025-07-21,2025-07-26,True,Travel
587,2024-10-31,Sick,2024-11-14,2024-11-19,True,Illness
587,2024-10-31,Jury Duty,2024-11-14,2024-11-19,False,Illness
872,2025-05-03,Parental,2025-05-17,2025-05-22,True,Family
526,2025-04-30,Vacation,2025-05-14,2025-05-19,True,Travel
2,2022-11-02,Training,2022-12-13,2022-12-15,True,Auto-generated to satisfy constraints
5,2020-12-09,Vacation,2021-01-08,2021-01-11,True,Auto-generated to satisfy constraints
8,2025-09-23,Vacation,2025-10-07,2025-10-12,True,Auto-generated to satisfy constraints
12,2023-08-17,Personal,2023-09-28,2023-10-04,True,Auto-generated to satisfy constraints
13,2025-01-02,Sick,2025-02-04,2025-02-09,True,Auto-generated to satisfy constraints
14,2022-10-26,Vacation,2022-12-16,2022-12-22,True,Auto-generated to satisfy constraints
18,2022-02-28,Training,2022-03-17,2022-03-24,True,Auto-generated to satisfy constraints
20,2021-01-16,Training,2021-02-08,2021-02-16,True,Auto-generated to satisfy constraints
21,2020-11-06,Vacation,2020-11-24,2020-11-30,True,Auto-generated to satisfy constraints
25,2024-02-09,Training,2024-03-12,2024-03-16,True,Auto-generated to satisfy constraints
27,2023-10-23,Personal,2023-12-04,2023-12-10,True,Auto-generated to satisfy constraints
33,2024-01-09,Personal,2024-02-07,2024-02-16,True,Auto-generated to satisfy constraints
34,2024-07-25,Vacation,2024-08-17,2024-08-20,True,Auto-generated to satisfy constraints
37,2026-02-18,Personal,2026-03-14,2026-03-17,True,Auto-generated to satisfy constraints
39,2021-10-23,Vacation,2021-11-02,2021-11-09,True,Auto-generated to satisfy constraints
40,2024-04-04,Training,2024-05-28,2024-06-06,True,Auto-generated to satisfy constraints
44,2024-05-29,Vacation,2024-07-19,2024-07-20,True,Auto-generated to satisfy constraints
46,2024-08-02,Personal,2024-09-09,2024-09-17,True,Auto-generated to satisfy constraints
48,2020-05-28,Personal,2020-07-11,2020-07-14,True,Auto-generated to satisfy constraints
50,2024-03-31,Training,2024-04-19,2024-04-26,True,Auto-generated to satisfy constraints
51,2024-12-14,Vacation,2025-01-21,2025-01-27,True,Auto-generated to satisfy constraints
52,2021-03-26,Sick,2021-05-14,2021-05-17,True,Auto-generated to satisfy constraints
53,2023-06-17,Vacation,2023-07-14,2023-07-16,True,Auto-generated to satisfy constraints
55,2020-10-13,Sick,2020-11-23,2020-12-01,True,Auto-generated to satisfy constraints
60,2020-12-16,Personal,2021-01-21,2021-01-24,True,Auto-generated to satisfy constraints
61,2024-03-09,Training,2024-04-10,2024-04-11,True,Auto-generated to satisfy constraints
63,2025-01-28,Personal,2025-03-05,2025-03-12,True,Auto-generated to satisfy constraints
65,2025-04-10,Vacation,2025-05-22,2025-05-31,True,Auto-generated to satisfy constraints
68,2021-06-06,Vacation,2021-06-27,2021-07-02,True,Auto-generated to satisfy constraints
71,2025-06-26,Training,2025-07-10,2025-07-15,True,Auto-generated to satisfy constraints
72,2024-11-04,Training,2024-11-19,2024-11-20,True,Auto-generated to satisfy constraints
73,2023-03-22,Personal,2023-03-30,2023-04-07,True,Auto-generated to satisfy constraints
74,2022-06-10,Sick,2022-07-20,2022-07-24,True,Auto-generated to satisfy constraints
81,2025-11-29,Training,2025-12-16,2025-12-19,True,Auto-generated to satisfy constraints
83,2023-04-18,Vacation,2023-05-08,2023-05-10,True,Auto-generated to satisfy constraints
85,2020-12-11,Training,2021-01-05,2021-01-11,True,Auto-generated to satisfy constraints
88,2024-11-06,Personal,2024-12-22,2024-12-23,True,Auto-generated to satisfy constraints
89,2021-04-22,Training,2021-06-09,2021-06-15,True,Auto-generated to satisfy constraints
92,2023-05-19,Personal,2023-05-27,2023-06-04,True,Auto-generated to satisfy constraints
94,2023-02-11,Training,2023-03-28,2023-03-31,True,Auto-generated to satisfy constraints
97,2025-08-15,Sick,2025-09-04,2025-09-12,True,Auto-generated to satisfy constraints
98,2023-09-10,Vacation,2023-10-13,2023-10-19,True,Auto-generated to satisfy constraints
100,2021-09-29,Vacation,2021-11-27,2021-12-04,True,Auto-generated to satisfy constraints
102,2026-02-16,Vacation,2026-03-24,2026-03-29,True,Auto-generated to satisfy constraints
103,2025-05-12,Personal,2025-06-06,2025-06-11,True,Auto-generated to satisfy constraints
106,2021-07-23,Personal,2021-08-23,2021-08-29,True,Auto-generated to satisfy constraints
107,2022-09-19,Training,2022-10-18,2022-10-22,True,Auto-generated to satisfy constraints
108,2025-06-30,Training,2025-08-27,2025-08-31,True,Auto-generated to satisfy constraints
109,2021-08-27,Vacation,2021-10-22,2021-10-26,True,Auto-generated to satisfy constraints
111,2021-02-17,Vacation,2021-03-17,2021-03-21,True,Auto-generated to satisfy constraints
113,2021-01-30,Sick,2021-02-28,2021-03-08,True,Auto-generated to satisfy constraints
114,2021-09-05,Sick,2021-10-12,2021-10-14,True,Auto-generated to satisfy constraints
120,2025-09-19,Training,2025-10-29,2025-11-07,True,Auto-generated to satisfy constraints
122,2024-04-25,Personal,2024-05-16,2024-05-25,True,Auto-generated to satisfy constraints
124,2022-12-07,Training,2023-01-11,2023-01-13,True,Auto-generated to satisfy constraints
129,2023-04-23,Personal,2023-06-06,2023-06-07,True,Auto-generated to satisfy constraints
131,2021-03-29,Vacation,2021-05-24,2021-06-01,True,Auto-generated to satisfy constraints
133,2022-05-22,Training,2022-07-11,2022-07-20,True,Auto-generated to satisfy constraints
135,2025-07-29,Vacation,2025-09-01,2025-09-10,True,Auto-generated to satisfy constraints
138,2024-01-09,Personal,2024-02-03,2024-02-12,True,Auto-generated to satisfy constraints
139,2022-05-03,Training,2022-06-22,2022-06-26,True,Auto-generated to satisfy constraints
140,2023-09-17,Vacation,2023-10-08,2023-10-11,True,Auto-generated to satisfy constraints
145,2023-11-11,Training,2024-01-05,2024-01-11,True,Auto-generated to satisfy constraints
147,2020-10-31,Vacation,2020-11-18,2020-11-21,True,Auto-generated to satisfy constraints
148,2023-09-08,Training,2023-10-07,2023-10-08,True,Auto-generated to satisfy constraints
152,2021-02-02,Vacation,2021-02-18,2021-02-25,True,Auto-generated to satisfy constraints
153,2023-06-10,Vacation,2023-06-29,2023-07-04,True,Auto-generated to satisfy constraints
155,2023-09-30,Training,2023-11-19,2023-11-20,True,Auto-generated to satisfy constraints
160,2022-05-10,Vacation,2022-06-15,2022-06-24,True,Auto-generated to satisfy constraints
161,2025-08-26,Training,2025-09-20,2025-09-23,True,Auto-generated to satisfy constraints
162,2021-11-26,Vacation,2022-01-13,2022-01-14,True,Auto-generated to satisfy constraints
167,2021-01-08,Personal,2021-02-22,2021-03-03,True,Auto-generated to satisfy constraints
169,2022-05-23,Training,2022-07-16,2022-07-18,True,Auto-generated to satisfy constraints
171,2021-05-27,Training,2021-07-16,2021-07-25,True,Auto-generated to satisfy constraints
179,2022-04-02,Vacation,2022-04-26,2022-05-01,True,Auto-generated to satisfy constraints
184,2024-08-29,Training,2024-10-05,2024-10-07,True,Auto-generated to satisfy constraints
185,2023-07-17,Personal,2023-08-01,2023-08-07,True,Auto-generated to satisfy constraints
195,2025-11-24,Training,2025-12-22,2025-12-23,True,Auto-generated to satisfy constraints
201,2021-02-17,Vacation,2021-03-18,2021-03-20,True,Auto-generated to satisfy constraints
202,2023-06-14,Training,2023-06-28,2023-07-05,True,Auto-generated to satisfy constraints
203,2021-12-22,Training,2021-12-31,2022-01-06,True,Auto-generated to satisfy constraints
206,2023-06-09,Sick,2023-07-13,2023-07-21,True,Auto-generated to satisfy constraints
208,2021-02-02,Training,2021-03-16,2021-03-21,True,Auto-generated to satisfy constraints
209,2022-08-22,Vacation,2022-10-02,2022-10-11,True,Auto-generated to satisfy constraints
211,2022-01-17,Training,2022-02-02,2022-02-07,True,Auto-generated to satisfy constraints
213,2022-09-19,Sick,2022-11-17,2022-11-22,True,Auto-generated to satisfy constraints
215,2021-12-11,Vacation,2021-12-19,2021-12-25,True,Auto-generated to satisfy constraints
217,2021-05-14,Vacation,2021-06-03,2021-06-06,True,Auto-generated to satisfy constraints
218,2021-03-23,Training,2021-05-06,2021-05-07,True,Auto-generated to satisfy constraints
219,2024-04-15,Vacation,2024-06-12,2024-06-20,True,Auto-generated to satisfy constraints
224,2024-01-23,Sick,2024-02-23,2024-02-27,True,Auto-generated to satisfy constraints
226,2022-11-29,Vacation,2022-12-31,2023-01-06,True,Auto-generated to satisfy constraints
227,2021-09-04,Training,2021-10-08,2021-10-09,True,Auto-generated to satisfy constraints
228,2024-01-12,Vacation,2024-01-30,2024-02-05,True,Auto-generated to satisfy constraints
229,2025-01-11,Sick,2025-03-05,2025-03-14,True,Auto-generated to satisfy constraints
231,2023-03-04,Vacation,2023-03-17,2023-03-22,True,Auto-generated to satisfy constraints
234,2025-01-02,Vacation,2025-01-15,2025-01-19,True,Auto-generated to satisfy constraints
236,2021-10-21,Training,2021-11-08,2021-11-13,True,Auto-generated to satisfy constraints
239,2022-10-25,Vacation,2022-12-06,2022-12-09,True,Auto-generated to satisfy constraints
244,2023-06-01,Vacation,2023-06-18,2023-06-26,True,Auto-generated to satisfy constraints
247,2024-11-13,Personal,2024-11-27,2024-12-03,True,Auto-generated to satisfy constraints
248,2021-08-01,Vacation,2021-09-16,2021-09-19,True,Auto-generated to satisfy constraints
249,2024-07-30,Training,2024-09-08,2024-09-10,True,Auto-generated to satisfy constraints
251,2024-02-20,Training,2024-03-12,2024-03-19,True,Auto-generated to satisfy constraints
253,2021-02-22,Vacation,2021-03-04,2021-03-12,True,Auto-generated to satisfy constraints
255,2025-02-20,Training,2025-03-03,2025-03-11,True,Auto-generated to satisfy constraints
260,2022-09-29,Vacation,2022-10-20,2022-10-26,True,Auto-generated to satisfy constraints
263,2021-07-29,Sick,2021-08-30,2021-09-06,True,Auto-generated to satisfy constraints
264,2023-10-04,Personal,2023-11-04,2023-11-07,True,Auto-generated to satisfy constraints
271,2023-10-23,Training,2023-11-06,2023-11-14,True,Auto-generated to satisfy constraints
276,2021-10-02,Vacation,2021-11-05,2021-11-06,True,Auto-generated to satisfy constraints
279,2023-02-16,Training,2023-04-15,2023-04-21,True,Auto-generated to satisfy constraints
281,2022-01-28,Sick,2022-03-22,2022-03-31,True,Auto-generated to satisfy constraints
286,2023-05-29,Sick,2023-06-30,2023-07-01,True,Auto-generated to satisfy constraints
287,2022-06-18,Vacation,2022-07-14,2022-07-18,True,Auto-generated to satisfy constraints
288,2021-11-22,Sick,2021-12-31,2022-01-02,True,Auto-generated to satisfy constraints
290,2022-05-13,Sick,2022-06-03,2022-06-08,True,Auto-generated to satisfy constraints
292,2023-07-02,Sick,2023-07-30,2023-08-01,True,Auto-generated to satisfy constraints
295,2023-03-15,Sick,2023-05-06,2023-05-09,True,Auto-generated to satisfy constraints
296,2023-08-09,Training,2023-09-13,2023-09-21,True,Auto-generated to satisfy constraints
299,2023-08-27,Vacation,2023-10-16,2023-10-17,True,Auto-generated to satisfy constraints
300,2025-08-03,Personal,2025-08-20,2025-08-22,True,Auto-generated to satisfy constraints
303,2024-03-10,Vacation,2024-04-13,2024-04-19,True,Auto-generated to satisfy constraints
304,2022-09-13,Training,2022-09-23,2022-09-26,True,Auto-generated to satisfy constraints
305,2023-01-05,Training,2023-02-06,2023-02-15,True,Auto-generated to satisfy constraints
307,2025-08-19,Sick,2025-10-01,2025-10-10,True,Auto-generated to satisfy constraints
308,2020-06-03,Sick,2020-07-02,2020-07-09,True,Auto-generated to satisfy constraints
309,2024-07-01,Training,2024-07-13,2024-07-17,True,Auto-generated to satisfy constraints
311,2021-02-13,Personal,2021-03-25,2021-03-26,True,Auto-generated to satisfy constraints
315,2022-01-13,Sick,2022-03-13,2022-03-15,True,Auto-generated to satisfy constraints
319,2025-02-18,Sick,2025-03-04,2025-03-12,True,Auto-generated to satisfy constraints
323,2021-05-26,Personal,2021-07-07,2021-07-08,True,Auto-generated to satisfy constraints
325,2024-03-28,Training,2024-04-20,2024-04-24,True,Auto-generated to satisfy constraints
328,2022-01-03,Training,2022-01-31,2022-02-06,True,Auto-generated to satisfy constraints
332,2024-02-18,Vacation,2024-04-01,2024-04-05,True,Auto-generated to satisfy constraints
334,2025-09-25,Training,2025-11-12,2025-11-17,True,Auto-generated to satisfy constraints
335,2021-09-29,Personal,2021-11-14,2021-11-16,True,Auto-generated to satisfy constraints
338,2022-07-30,Personal,2022-08-27,2022-09-01,True,Auto-generated to satisfy constraints
339,2024-06-21,Vacation,2024-06-30,2024-07-04,True,Auto-generated to satisfy constraints
340,2023-04-15,Personal,2023-05-18,2023-05-20,True,Auto-generated to satisfy constraints
341,2025-02-05,Vacation,2025-03-15,2025-03-24,True,Auto-generated to satisfy constraints
342,2026-01-21,Training,2026-03-17,2026-03-20,True,Auto-generated to satisfy constraints
345,2020-06-12,Personal,2020-07-18,2020-07-21,True,Auto-generated to satisfy constraints
346,2024-08-04,Sick,2024-09-18,2024-09-19,True,Auto-generated to satisfy constraints
350,2025-06-16,Vacation,2025-08-13,2025-08-17,True,Auto-generated to satisfy constraints
353,2024-02-23,Vacation,2024-03-18,2024-03-22,True,Auto-generated to satisfy constraints
354,2023-02-11,Training,2023-02-18,2023-02-22,True,Auto-generated to satisfy constraints
355,2023-09-28,Vacation,2023-10-14,2023-10-23,True,Auto-generated to satisfy constraints
357,2021-02-22,Sick,2021-03-17,2021-03-23,True,Auto-generated to satisfy constraints
362,2021-11-08,Vacation,2021-12-25,2021-12-29,True,Auto-generated to satisfy constraints
367,2022-08-17,Personal,2022-09-03,2022-09-11,True,Auto-generated to satisfy constraints
368,2025-06-28,Personal,2025-08-08,2025-08-11,True,Auto-generated to satisfy constraints
369,2023-11-25,Personal,2023-12-08,2023-12-15,True,Auto-generated to satisfy constraints
370,2024-01-14,Vacation,2024-02-29,2024-03-05,True,Auto-generated to satisfy constraints
372,2022-08-03,Personal,2022-09-01,2022-09-05,True,Auto-generated to satisfy constraints
376,2026-03-11,Vacation,2026-05-08,2026-05-16,True,Auto-generated to satisfy constraints
378,2025-02-05,Sick,2025-03-31,2025-04-07,True,Auto-generated to satisfy constraints
379,2026-05-06,Vacation,2026-05-27,2026-05-30,True,Auto-generated to satisfy constraints
380,2025-12-17,Personal,2026-02-08,2026-02-16,True,Auto-generated to satisfy constraints
382,2023-03-30,Vacation,2023-05-11,2023-05-13,True,Auto-generated to satisfy constraints
388,2024-03-18,Personal,2024-04-17,2024-04-21,True,Auto-generated to satisfy constraints
389,2021-02-12,Vacation,2021-04-08,2021-04-15,True,Auto-generated to satisfy constraints
393,2021-10-06,Vacation,2021-12-03,2021-12-10,True,Auto-generated to satisfy constraints
394,2024-07-20,Sick,2024-08-26,2024-08-31,True,Auto-generated to satisfy constraints
397,2021-05-07,Vacation,2021-05-19,2021-05-24,True,Auto-generated to satisfy constraints
398,2025-11-05,Personal,2025-12-21,2025-12-28,True,Auto-generated to satisfy constraints
401,2023-07-14,Training,2023-08-09,2023-08-12,True,Auto-generated to satisfy constraints
403,2023-04-13,Training,2023-05-11,2023-05-15,True,Auto-generated to satisfy constraints
405,2025-05-23,Personal,2025-07-06,2025-07-09,True,Auto-generated to satisfy constraints
408,2023-12-28,Vacation,2024-02-13,2024-02-18,True,Auto-generated to satisfy constraints
413,2025-02-04,Vacation,2025-04-01,2025-04-06,True,Auto-generated to satisfy constraints
415,2024-06-01,Sick,2024-07-04,2024-07-07,True,Auto-generated to satisfy constraints
417,2021-11-29,Training,2022-01-22,2022-01-28,True,Auto-generated to satisfy constraints
418,2021-09-11,Sick,2021-10-03,2021-10-11,True,Auto-generated to satisfy constraints
435,2021-12-11,Vacation,2022-01-07,2022-01-15,True,Auto-generated to satisfy constraints
436,2022-07-21,Personal,2022-08-27,2022-08-29,True,Auto-generated to satisfy constraints
437,2021-05-10,Personal,2021-05-25,2021-05-26,True,Auto-generated to satisfy constraints
438,2023-01-28,Vacation,2023-02-25,2023-03-06,True,Auto-generated to satisfy constraints
439,2024-09-20,Personal,2024-11-13,2024-11-17,True,Auto-generated to satisfy constraints
441,2024-02-17,Sick,2024-03-15,2024-03-20,True,Auto-generated to satisfy constraints
442,2025-08-16,Personal,2025-08-23,2025-09-01,True,Auto-generated to satisfy constraints
447,2023-10-02,Personal,2023-10-25,2023-11-03,True,Auto-generated to satisfy constraints
448,2025-09-15,Personal,2025-09-23,2025-10-01,True,Auto-generated to satisfy constraints
449,2020-12-18,Vacation,2021-02-01,2021-02-07,True,Auto-generated to satisfy constraints
453,2024-08-21,Personal,2024-09-13,2024-09-15,True,Auto-generated to satisfy constraints
454,2021-05-20,Vacation,2021-06-24,2021-07-03,True,Auto-generated to satisfy constraints
457,2025-08-02,Training,2025-08-14,2025-08-18,True,Auto-generated to satisfy constraints
460,2024-10-18,Personal,2024-10-27,2024-10-28,True,Auto-generated to satisfy constraints
461,2020-08-01,Training,2020-08-19,2020-08-26,True,Auto-generated to satisfy constraints
462,2021-04-06,Sick,2021-04-29,2021-05-02,True,Auto-generated to satisfy constraints
466,2023-03-23,Sick,2023-05-04,2023-05-08,True,Auto-generated to satisfy constraints
469,2023-04-16,Personal,2023-06-04,2023-06-08,True,Auto-generated to satisfy constraints
472,2024-11-19,Vacation,2024-12-28,2024-12-30,True,Auto-generated to satisfy constraints
474,2022-07-21,Personal,2022-07-31,2022-08-08,True,Auto-generated to satisfy constraints
476,2021-10-07,Vacation,2021-10-19,2021-10-28,True,Auto-generated to satisfy constraints
478,2025-05-30,Vacation,2025-06-24,2025-06-29,True,Auto-generated to satisfy constraints
485,2022-05-01,Training,2022-05-23,2022-05-29,True,Auto-generated to satisfy constraints
487,2023-11-06,Personal,2023-12-30,2024-01-02,True,Auto-generated to satisfy constraints
489,2024-01-03,Training,2024-01-25,2024-02-03,True,Auto-generated to satisfy constraints
496,2021-08-05,Sick,2021-08-15,2021-08-22,True,Auto-generated to satisfy constraints
498,2023-10-22,Vacation,2023-12-18,2023-12-27,True,Auto-generated to satisfy constraints
500,2021-05-15,Personal,2021-05-28,2021-06-05,True,Auto-generated to satisfy constraints
504,2025-06-27,Personal,2025-07-19,2025-07-26,True,Auto-generated to satisfy constraints
507,2025-06-19,Training,2025-07-13,2025-07-17,True,Auto-generated to satisfy constraints
508,2021-07-27,Training,2021-09-04,2021-09-05,True,Auto-generated to satisfy constraints
509,2021-02-09,Personal,2021-04-09,2021-04-14,True,Auto-generated to satisfy constraints
510,2022-03-27,Vacation,2022-04-19,2022-04-25,True,Auto-generated to satisfy constraints
516,2023-12-09,Sick,2024-01-12,2024-01-17,True,Auto-generated to satisfy constraints
518,2020-08-19,Training,2020-09-27,2020-09-29,True,Auto-generated to satisfy constraints
520,2021-01-03,Personal,2021-01-31,2021-02-05,True,Auto-generated to satisfy constraints
522,2025-04-03,Vacation,2025-05-18,2025-05-22,True,Auto-generated to satisfy constraints
524,2025-01-14,Personal,2025-02-09,2025-02-15,True,Auto-generated to satisfy constraints
527,2025-06-21,Personal,2025-07-20,2025-07-27,True,Auto-generated to satisfy constraints
528,2024-11-22,Training,2024-12-27,2025-01-04,True,Auto-generated to satisfy constraints
533,2020-06-12,Personal,2020-07-12,2020-07-14,True,Auto-generated to satisfy constraints
537,2026-01-19,Training,2026-03-07,2026-03-16,True,Auto-generated to satisfy constraints
540,2024-03-28,Sick,2024-05-02,2024-05-03,True,Auto-generated to satisfy constraints
541,2023-06-17,Vacation,2023-06-28,2023-07-07,True,Auto-generated to satisfy constraints
542,2022-08-16,Vacation,2022-09-17,2022-09-21,True,Auto-generated to satisfy constraints
544,2025-10-16,Personal,2025-12-10,2025-12-17,True,Auto-generated to satisfy constraints
545,2022-04-19,Personal,2022-05-29,2022-06-07,True,Auto-generated to satisfy constraints
547,2021-12-18,Sick,2021-12-26,2022-01-03,True,Auto-generated to satisfy constraints
550,2021-11-14,Personal,2021-12-12,2021-12-19,True,Auto-generated to satisfy constraints
551,2021-03-04,Training,2021-04-08,2021-04-14,True,Auto-generated to satisfy constraints
552,2021-10-06,Training,2021-11-01,2021-11-04,True,Auto-generated to satisfy constraints
553,2022-10-12,Sick,2022-11-17,2022-11-22,True,Auto-generated to satisfy constraints
555,2022-03-19,Vacation,2022-03-31,2022-04-09,True,Auto-generated to satisfy constraints
557,2021-06-01,Vacation,2021-07-25,2021-07-31,True,Auto-generated to satisfy constraints
558,2024-12-09,Vacation,2024-12-17,2024-12-21,True,Auto-generated to satisfy constraints
560,2025-05-19,Sick,2025-06-20,2025-06-29,True,Auto-generated to satisfy constraints
562,2023-02-03,Personal,2023-02-24,2023-03-02,True,Auto-generated to satisfy constraints
565,2021-02-10,Sick,2021-03-09,2021-03-17,True,Auto-generated to satisfy constraints
568,2022-06-15,Vacation,2022-07-25,2022-08-03,True,Auto-generated to satisfy constraints
569,2024-08-30,Vacation,2024-09-06,2024-09-07,True,Auto-generated to satisfy constraints
574,2020-08-10,Vacation,2020-08-23,2020-08-24,True,Auto-generated to satisfy constraints
575,2022-11-25,Sick,2022-12-20,2022-12-21,True,Auto-generated to satisfy constraints
576,2023-01-01,Training,2023-02-21,2023-02-27,True,Auto-generated to satisfy constraints
577,2022-07-04,Personal,2022-07-27,2022-07-29,True,Auto-generated to satisfy constraints
580,2020-05-18,Training,2020-07-13,2020-07-16,True,Auto-generated to satisfy constraints
583,2021-10-30,Vacation,2021-11-30,2021-12-04,True,Auto-generated to satisfy constraints
585,2024-10-05,Training,2024-11-07,2024-11-10,True,Auto-generated to satisfy constraints
586,2025-08-11,Vacation,2025-09-03,2025-09-12,True,Auto-generated to satisfy constraints
590,2024-09-15,Vacation,2024-11-10,2024-11-14,True,Auto-generated to satisfy constraints
592,2023-03-02,Vacation,2023-04-16,2023-04-17,True,Auto-generated to satisfy constraints
593,2024-12-09,Personal,2025-01-31,2025-02-04,True,Auto-generated to satisfy constraints
595,2021-03-22,Sick,2021-04-30,2021-05-09,True,Auto-generated to satisfy constraints
597,2021-10-12,Training,2021-11-30,2021-12-02,True,Auto-generated to satisfy constraints
598,2023-08-18,Sick,2023-10-13,2023-10-16,True,Auto-generated to satisfy constraints
603,2025-11-17,Sick,2025-12-26,2025-12-28,True,Auto-generated to satisfy constraints
607,2022-07-22,Sick,2022-08-07,2022-08-09,True,Auto-generated to satisfy constraints
611,2024-07-10,Personal,2024-08-04,2024-08-08,True,Auto-generated to satisfy constraints
612,2021-11-12,Sick,2021-12-01,2021-12-09,True,Auto-generated to satisfy constraints
617,2021-03-08,Training,2021-03-15,2021-03-22,True,Auto-generated to satisfy constraints
626,2024-05-09,Personal,2024-06-30,2024-07-08,True,Auto-generated to satisfy constraints
628,2025-10-11,Personal,2025-10-26,2025-11-01,True,Auto-generated to satisfy constraints
629,2024-01-03,Training,2024-02-17,2024-02-18,True,Auto-generated to satisfy constraints
630,2025-06-06,Vacation,2025-07-15,2025-07-21,True,Auto-generated to satisfy constraints
633,2021-04-25,Personal,2021-05-19,2021-05-27,True,Auto-generated to satisfy constraints
634,2021-11-24,Sick,2021-12-02,2021-12-08,True,Auto-generated to satisfy constraints
638,2020-10-17,Training,2020-11-28,2020-11-30,True,Auto-generated to satisfy constraints
641,2022-06-06,Sick,2022-07-19,2022-07-21,True,Auto-generated to satisfy constraints
645,2022-05-16,Vacation,2022-06-13,2022-06-22,True,Auto-generated to satisfy constraints
647,2022-04-15,Vacation,2022-05-13,2022-05-20,True,Auto-generated to satisfy constraints
648,2023-04-23,Training,2023-05-23,2023-05-27,True,Auto-generated to satisfy constraints
649,2024-04-09,Personal,2024-04-16,2024-04-23,True,Auto-generated to satisfy constraints
650,2023-08-15,Sick,2023-08-22,2023-08-28,True,Auto-generated to satisfy constraints
651,2024-07-12,Vacation,2024-09-04,2024-09-09,True,Auto-generated to satisfy constraints
653,2025-06-10,Sick,2025-07-14,2025-07-19,True,Auto-generated to satisfy constraints
655,2020-05-21,Personal,2020-07-13,2020-07-17,True,Auto-generated to satisfy constraints
656,2021-08-15,Vacation,2021-08-25,2021-08-30,True,Auto-generated to satisfy constraints
657,2022-07-09,Sick,2022-07-27,2022-08-04,True,Auto-generated to satisfy constraints
663,2023-10-12,Vacation,2023-11-12,2023-11-17,True,Auto-generated to satisfy constraints
665,2023-03-03,Vacation,2023-04-30,2023-05-08,True,Auto-generated to satisfy constraints
667,2023-07-03,Training,2023-08-24,2023-08-31,True,Auto-generated to satisfy constraints
669,2025-04-11,Sick,2025-06-02,2025-06-03,True,Auto-generated to satisfy constraints
673,2022-06-18,Vacation,2022-08-02,2022-08-03,True,Auto-generated to satisfy constraints
677,2023-05-05,Personal,2023-05-20,2023-05-26,True,Auto-generated to satisfy constraints
678,2024-07-22,Sick,2024-09-01,2024-09-08,True,Auto-generated to satisfy constraints
682,2023-12-25,Vacation,2024-01-05,2024-01-12,True,Auto-generated to satisfy constraints
686,2022-08-04,Sick,2022-09-02,2022-09-05,True,Auto-generated to satisfy constraints
687,2025-11-05,Vacation,2025-12-03,2025-12-12,True,Auto-generated to satisfy constraints
689,2021-06-14,Vacation,2021-07-27,2021-08-03,True,Auto-generated to satisfy constraints
690,2021-06-04,Personal,2021-07-26,2021-07-30,True,Auto-generated to satisfy constraints
691,2022-08-02,Personal,2022-08-31,2022-09-01,True,Auto-generated to satisfy constraints
692,2025-02-27,Vacation,2025-03-26,2025-03-28,True,Auto-generated to satisfy constraints
693,2025-10-16,Sick,2025-12-05,2025-12-07,True,Auto-generated to satisfy constraints
694,2024-04-09,Sick,2024-05-18,2024-05-19,True,Auto-generated to satisfy constraints
697,2024-07-27,Sick,2024-09-03,2024-09-06,True,Auto-generated to satisfy constraints
699,2022-12-25,Training,2023-01-10,2023-01-13,True,Auto-generated to satisfy constraints
700,2023-03-24,Personal,2023-04-08,2023-04-15,True,Auto-generated to satisfy constraints
703,2020-10-16,Personal,2020-11-10,2020-11-16,True,Auto-generated to satisfy constraints
706,2023-01-28,Personal,2023-02-11,2023-02-20,True,Auto-generated to satisfy constraints
707,2025-10-07,Personal,2025-11-15,2025-11-18,True,Auto-generated to satisfy constraints
708,2022-03-25,Vacation,2022-05-10,2022-05-11,True,Auto-generated to satisfy constraints
711,2021-08-28,Vacation,2021-10-24,2021-10-30,True,Auto-generated to satisfy constraints
715,2022-07-17,Vacation,2022-09-09,2022-09-10,True,Auto-generated to satisfy constraints
720,2023-02-19,Training,2023-03-26,2023-04-02,True,Auto-generated to satisfy constraints
725,2026-03-30,Personal,2026-05-01,2026-05-02,True,Auto-generated to satisfy constraints
726,2025-06-18,Personal,2025-06-29,2025-06-30,True,Auto-generated to satisfy constraints
728,2022-12-15,Vacation,2023-02-08,2023-02-15,True,Auto-generated to satisfy constraints
732,2020-09-13,Personal,2020-11-07,2020-11-08,True,Auto-generated to satisfy constraints
733,2022-10-05,Personal,2022-10-14,2022-10-19,True,Auto-generated to satisfy constraints
738,2025-01-03,Sick,2025-01-25,2025-02-03,True,Auto-generated to satisfy constraints
740,2025-11-23,Training,2025-12-08,2025-12-16,True,Auto-generated to satisfy constraints
744,2021-11-10,Sick,2021-12-15,2021-12-24,True,Auto-generated to satisfy constraints
747,2025-03-30,Training,2025-05-16,2025-05-19,True,Auto-generated to satisfy constraints
751,2023-06-08,Sick,2023-07-25,2023-08-01,True,Auto-generated to satisfy constraints
757,2022-10-07,Vacation,2022-11-01,2022-11-03,True,Auto-generated to satisfy constraints
759,2025-06-07,Sick,2025-06-16,2025-06-21,True,Auto-generated to satisfy constraints
761,2021-08-22,Personal,2021-10-07,2021-10-09,True,Auto-generated to satisfy constraints
769,2024-01-06,Sick,2024-01-14,2024-01-22,True,Auto-generated to satisfy constraints
774,2020-06-27,Training,2020-07-15,2020-07-24,True,Auto-generated to satisfy constraints
777,2021-12-08,Vacation,2021-12-29,2022-01-02,True,Auto-generated to satisfy constraints
778,2021-08-15,Sick,2021-10-05,2021-10-07,True,Auto-generated to satisfy constraints
780,2023-02-17,Personal,2023-04-09,2023-04-15,True,Auto-generated to satisfy constraints
781,2020-09-03,Personal,2020-10-08,2020-10-11,True,Auto-generated to satisfy constraints
782,2023-10-24,Personal,2023-11-13,2023-11-21,True,Auto-generated to satisfy constraints
793,2024-02-07,Personal,2024-02-17,2024-02-21,True,Auto-generated to satisfy constraints
801,2022-11-27,Sick,2023-01-03,2023-01-05,True,Auto-generated to satisfy constraints
802,2025-05-08,Training,2025-07-02,2025-07-11,True,Auto-generated to satisfy constraints
806,2022-07-18,Personal,2022-08-27,2022-09-04,True,Auto-generated to satisfy constraints
807,2020-05-29,Training,2020-06-29,2020-07-03,True,Auto-generated to satisfy constraints
809,2025-09-03,Training,2025-10-16,2025-10-23,True,Auto-generated to satisfy constraints
814,2022-04-19,Personal,2022-06-16,2022-06-17,True,Auto-generated to satisfy constraints
815,2021-12-05,Training,2022-01-24,2022-01-31,True,Auto-generated to satisfy constraints
821,2023-11-24,Vacation,2023-12-28,2024-01-03,True,Auto-generated to satisfy constraints
824,2021-09-16,Vacation,2021-10-23,2021-10-26,True,Auto-generated to satisfy constraints
825,2023-01-21,Sick,2023-02-22,2023-02-26,True,Auto-generated to satisfy constraints
828,2020-12-30,Training,2021-01-27,2021-02-02,True,Auto-generated to satisfy constraints
829,2024-12-05,Training,2025-01-20,2025-01-29,True,Auto-generated to satisfy constraints
837,2022-10-27,Sick,2022-11-04,2022-11-05,True,Auto-generated to satisfy constraints
840,2023-07-07,Sick,2023-09-01,2023-09-04,True,Auto-generated to satisfy constraints
841,2022-09-14,Training,2022-10-08,2022-10-09,True,Auto-generated to satisfy constraints
843,2023-02-06,Personal,2023-03-22,2023-03-31,True,Auto-generated to satisfy constraints
844,2025-05-13,Sick,2025-06-26,2025-06-29,True,Auto-generated to satisfy constraints
849,2023-03-26,Sick,2023-04-02,2023-04-07,True,Auto-generated to satisfy constraints
852,2025-04-10,Personal,2025-04-29,2025-05-03,True,Auto-generated to satisfy constraints
853,2020-11-28,Vacation,2020-12-14,2020-12-21,True,Auto-generated to satisfy constraints
857,2024-02-27,Personal,2024-03-08,2024-03-15,True,Auto-generated to satisfy constraints
863,2025-10-20,Sick,2025-11-19,2025-11-23,True,Auto-generated to satisfy constraints
865,2026-04-19,Training,2026-05-15,2026-05-16,True,Auto-generated to satisfy constraints
870,2022-11-29,Sick,2023-01-11,2023-01-17,True,Auto-generated to satisfy constraints
873,2020-10-31,Training,2020-12-11,2020-12-16,True,Auto-generated to satisfy constraints
875,2023-05-13,Training,2023-07-04,2023-07-06,True,Auto-generated to satisfy constraints
876,2020-10-18,Training,2020-12-09,2020-12-17,True,Auto-generated to satisfy constraints
877,2025-12-15,Training,2026-01-19,2026-01-26,True,Auto-generated to satisfy constraints
879,2021-04-24,Sick,2021-06-07,2021-06-09,True,Auto-generated to satisfy constraints
882,2024-03-26,Sick,2024-04-12,2024-04-13,True,Auto-generated to satisfy constraints
888,2025-11-13,Training,2025-12-27,2025-12-31,True,Auto-generated to satisfy constraints
892,2025-05-31,Vacation,2025-07-07,2025-07-10,True,Auto-generated to satisfy constraints
893,2024-04-27,Personal,2024-06-07,2024-06-08,True,Auto-generated to satisfy constraints
897,2021-09-09,Sick,2021-10-06,2021-10-09,True,Auto-generated to satisfy constraints
898,2025-12-24,Sick,2026-02-21,2026-02-24,True,Auto-generated to satisfy constraints
903,2022-03-01,Sick,2022-04-07,2022-04-15,True,Auto-generated to satisfy constraints
904,2026-03-10,Personal,2026-04-17,2026-04-24,True,Auto-generated to satisfy constraints
905,2022-04-09,Personal,2022-05-28,2022-05-31,True,Auto-generated to satisfy constraints
909,2025-01-21,Vacation,2025-02-01,2025-02-06,True,Auto-generated to satisfy constraints
911,2020-08-31,Training,2020-09-25,2020-10-04,True,Auto-generated to satisfy constraints
913,2021-07-12,Personal,2021-08-16,2021-08-19,True,Auto-generated to satisfy constraints
914,2024-02-11,Training,2024-03-31,2024-04-09,True,Auto-generated to satisfy constraints
916,2024-06-03,Training,2024-06-28,2024-07-05,True,Auto-generated to satisfy constraints
917,2024-10-17,Personal,2024-12-08,2024-12-10,True,Auto-generated to satisfy constraints
921,2023-07-04,Personal,2023-07-15,2023-07-20,True,Auto-generated to satisfy constraints
923,2024-04-29,Training,2024-05-17,2024-05-19,True,Auto-generated to satisfy constraints
924,2025-10-22,Sick,2025-12-16,2025-12-20,True,Auto-generated to satisfy constraints
926,2021-01-19,Personal,2021-02-05,2021-02-07,True,Auto-generated to satisfy constraints
933,2021-01-23,Personal,2021-02-16,2021-02-24,True,Auto-generated to satisfy constraints
936,2025-02-14,Personal,2025-03-13,2025-03-18,True,Auto-generated to satisfy constraints
937,2021-04-02,Sick,2021-05-03,2021-05-12,True,Auto-generated to satisfy constraints
938,2022-02-22,Training,2022-03-01,2022-03-08,True,Auto-generated to satisfy constraints
939,2021-10-31,Training,2021-11-21,2021-11-29,True,Auto-generated to satisfy constraints
940,2024-06-15,Vacation,2024-08-10,2024-08-11,True,Auto-generated to satisfy constraints
942,2023-05-13,Sick,2023-07-08,2023-07-12,True,Auto-generated to satisfy constraints
943,2023-01-18,Personal,2023-02-26,2023-03-05,True,Auto-generated to satisfy constraints
950,2023-10-25,Sick,2023-11-15,2023-11-23,True,Auto-generated to satisfy constraints
953,2023-01-19,Personal,2023-02-24,2023-03-02,True,Auto-generated to satisfy constraints
954,2022-11-20,Vacation,2022-12-22,2022-12-24,True,Auto-generated to satisfy constraints
955,2021-03-31,Sick,2021-04-08,2021-04-12,True,Auto-generated to satisfy constraints
957,2023-06-05,Training,2023-06-22,2023-06-30,True,Auto-generated to satisfy constraints
960,2025-04-16,Training,2025-05-14,2025-05-18,True,Auto-generated to satisfy constraints
963,2021-04-15,Training,2021-05-31,2021-06-01,True,Auto-generated to satisfy constraints
964,2024-03-04,Training,2024-05-01,2024-05-08,True,Auto-generated to satisfy constraints
967,2024-11-15,Training,2025-01-03,2025-01-10,True,Auto-generated to satisfy constraints
969,2023-10-29,Training,2023-12-21,2023-12-29,True,Auto-generated to satisfy constraints
974,2023-10-05,Training,2023-12-03,2023-12-10,True,Auto-generated to satisfy constraints
975,2026-01-04,Personal,2026-01-19,2026-01-22,True,Auto-generated to satisfy constraints
976,2021-05-16,Personal,2021-06-28,2021-06-29,True,Auto-generated to satisfy constraints
978,2025-02-15,Sick,2025-03-01,2025-03-06,True,Auto-generated to satisfy constraints
980,2022-05-08,Personal,2022-06-22,2022-06-27,True,Auto-generated to satisfy constraints
981,2021-08-31,Training,2021-10-25,2021-10-26,True,Auto-generated to satisfy constraints
983,2026-03-28,Sick,2026-05-03,2026-05-06,True,Auto-generated to satisfy constraints
984,2025-03-15,Personal,2025-04-24,2025-04-26,True,Auto-generated to satisfy constraints
986,2025-12-12,Sick,2026-01-21,2026-01-25,True,Auto-generated to satisfy constraints
988,2026-06-13,Personal,2026-07-13,2026-07-17,True,Auto-generated to satisfy constraints
989,2022-07-26,Sick,2022-08-04,2022-08-09,True,Auto-generated to satisfy constraints
990,2022-10-02,Training,2022-10-16,2022-10-24,True,Auto-generated to satisfy constraints
996,2024-08-07,Personal,2024-09-05,2024-09-13,True,Auto-generated to satisfy constraints
997,2020-10-24,Training,2020-11-07,2020-11-15,True,Auto-generated to satisfy constraints
998,2025-08-15,Training,2025-09-29,2025-09-30,True,Auto-generated to satisfy constraints
999,2020-09-18,Vacation,2020-10-07,2020-10-11,True,Auto-generated to satisfy constraints
